-- MySQL dump 10.13  Distrib 5.5.59, for Linux (x86_64)
--
-- Host: localhost    Database: hackathon
-- ------------------------------------------------------
-- Server version	5.5.59

/*!40101 SET @OLD_CHARACTER_SET_CLIENT=@@CHARACTER_SET_CLIENT */;
/*!40101 SET @OLD_CHARACTER_SET_RESULTS=@@CHARACTER_SET_RESULTS */;
/*!40101 SET @OLD_COLLATION_CONNECTION=@@COLLATION_CONNECTION */;
/*!40101 SET NAMES utf8 */;
/*!40103 SET @OLD_TIME_ZONE=@@TIME_ZONE */;
/*!40103 SET TIME_ZONE='+00:00' */;
/*!40014 SET @OLD_UNIQUE_CHECKS=@@UNIQUE_CHECKS, UNIQUE_CHECKS=0 */;
/*!40014 SET @OLD_FOREIGN_KEY_CHECKS=@@FOREIGN_KEY_CHECKS, FOREIGN_KEY_CHECKS=0 */;
/*!40101 SET @OLD_SQL_MODE=@@SQL_MODE, SQL_MODE='NO_AUTO_VALUE_ON_ZERO' */;
/*!40111 SET @OLD_SQL_NOTES=@@SQL_NOTES, SQL_NOTES=0 */;

--
-- Table structure for table `items`
--

DROP TABLE IF EXISTS `items`;
/*!40101 SET @saved_cs_client     = @@character_set_client */;
/*!40101 SET character_set_client = utf8 */;
CREATE TABLE `items` (
  `id` int(10) unsigned NOT NULL AUTO_INCREMENT,
  `shop_id` int(10) unsigned NOT NULL,
  `shop_name` varchar(191) COLLATE utf8mb4_unicode_ci NOT NULL,
  `sex` varchar(191) COLLATE utf8mb4_unicode_ci NOT NULL,
  `genre` varchar(191) COLLATE utf8mb4_unicode_ci NOT NULL,
  `price` int(11) NOT NULL,
  `color` varchar(191) COLLATE utf8mb4_unicode_ci NOT NULL,
  `scene` varchar(191) COLLATE utf8mb4_unicode_ci NOT NULL,
  `item_name` varchar(191) COLLATE utf8mb4_unicode_ci NOT NULL,
  `image_path` varchar(191) COLLATE utf8mb4_unicode_ci NOT NULL,
  PRIMARY KEY (`id`),
  KEY `items_shop_id_index` (`shop_id`),
  CONSTRAINT `items_shop_id_foreign` FOREIGN KEY (`shop_id`) REFERENCES `shops` (`id`)
) ENGINE=InnoDB AUTO_INCREMENT=306 DEFAULT CHARSET=utf8mb4 COLLATE=utf8mb4_unicode_ci;
/*!40101 SET character_set_client = @saved_cs_client */;

--
-- Dumping data for table `items`
--

LOCK TABLES `items` WRITE;
/*!40000 ALTER TABLE `items` DISABLE KEYS */;
INSERT INTO `items` VALUES (1,1,'GUCCI','W','G',128000,'ピンク','フォーマル','GUCCIshoulderbagpink','1A.jpg'),(2,2,'Coach','W','G',18800,'ピンク','ビジカジ','Coachbusinesstotepink','2A.jpg'),(3,3,'TOD\'S','W','G',126800,'白','カジュアル','TOD\'Sbostonbagwhite','3A.jpg'),(4,4,'バーバリー表参道','M','T',18810,'ネイビー','ビジカジ','Burberrymen\'spoloshirt','4A.jpg'),(5,5,'LouisVuittonOmotesandoStore','W','A',92880,'ブラック','ビジカジ','LouisVuittonmen\'swallet','5A.jpg'),(6,6,'Dior','W','G',16394,'ブルー','ビジカジ','Diorsetupsundressblue','6A.jpg'),(7,7,'シャネル表参道','W','G',648000,'黒','フォーマル','Chanelformalbag','7A.jpg'),(8,8,'Givenchy','W','D',22500,'柄物','フォーマル','Givancyfloralprinteddress','8A.jpg'),(9,9,'TommyHilfiger','M','T',3500,'ブルー','ビジカジ','Tommyblueshirt','9A.jpg'),(10,10,'アーバンリサーチ','W','B',8640,'黒','ビジカジ','chicblackpants','10A.jpg'),(11,11,'Céline','W','T',61000,'黒','カジュアル','Celineshoulderbag','11A.jpg'),(12,12,'TedBakerTokyoOmotesando','W','D',34600,'黒','デート','girlyteapartydress','12A.jpg'),(13,13,'SaintLaurent','W','B',49780,'ブルー','カジュアル','denimpants','13A.jpg'),(14,14,'マイケルコース','W','T',14943,'ブル‐','カジュアル','offshoulderblouse','14A.jpg'),(15,15,'ジャーナルスタンダードレリューム　表参道店','W','B',3650,'ベージュ','カジュアル','chinopants','15A.jpg'),(16,16,'alice+olivia','W','D',31800,'白','カジュアル','slaydresswhite','16A.jpg'),(17,17,'スノーピーク表参道','M','T',5875,'ブルー','カジュアル','men\'st-shirtblue','17A.jpg'),(18,18,'ユナイテッドアローズ原宿本店','M','T',3888,'白','カジュアル','UnitedArrowsCasualWhiteT-shirt','18A.jpg'),(19,19,'ポール・スチュアート','M','O',45360,'黒','フォーマル','PaulStuartBlackJacket','19A.jpg'),(20,20,'H&M原宿店','W','D',2160,'柄物','ビーチ','FlowerPrintDress','20A.jpg'),(21,21,'Volcom','M','T',3175,'ブルー','ビーチ','VolcomeSurfT-shirt','21A.jpg'),(22,22,'SupremeHarajuku','M','A',18252,'白','カジュアル','SupremeCasualCap','22A.jpg'),(23,23,'Settimissimo','W','T',2214,'ピンク','デート','OffshoulderPinkShirt','23A.jpg'),(24,24,'ロンシャン表参道店','W','G',9999,'ALL','ビジカジ','LongchampTotebag','24A.jpg'),(25,25,'EATMEHarajukuHonten','W','T',5480,'黒','デート','EATMEBlouseBlack','25A.jpg'),(26,26,'ZARA','W','B',1800,'青','カジュアル','ZARAスキニージーンズ','26A.jpg'),(27,27,'Levi’sHarajukuStore','M','T',7000,'黒','カジュアル','Levi\'sCozyHoodieGrey','27A.jpg'),(28,28,'MANGO','W','B',6000,'黒','カジュアル','MANGOCozyPantsBrown','28A.jpg'),(29,29,'Gapフラッグシップ原宿','W','B',4233,'黒','カジュアル','GAPBlackPants','29A.jpg'),(30,30,'Forever21Shibuya','W','T',1611,'赤','カジュアル','CasualRedShirt','30A.jpg'),(31,31,'プーマストア原宿','W','T',3780,'白','スポーツ','PUMAColorfulT-Shirt','31A.jpg'),(32,32,'LOUISVUITTON','W','G',195800,'茶','デート','LOUISVITTONToteBag','32A.jpg'),(33,33,'BVLGARI','M','A',240556,'黒','ビジネス','BVLGARINavyWatch','33A.jpg'),(34,34,'ユニクロ渋谷スペイン坂店','W','T',1999,'黒','カジュアル','UNIQLOMickeyT-shirt','34A.jpg'),(35,35,'LOWRYSFARMラフォーレ原宿','W','B',2900,'ピンク','カジュアル','PinkMaxiSkirt','35A.jpg'),(36,36,'TheSHEL\'TTERTOKYO','W','T',900,'黒','デート','TransparentLaceTank','36A.jpg'),(37,37,'Cheekbyarchives','W','B',2206,'ベージュ','デート','FlowerPrintDress','37A.jpg'),(38,38,'JILLbyJILLSTUART東急プラザ表参道原宿店','W','D',8478,'ブルー','ビジカジ','SummerDress','38A.jpg'),(39,39,'ポール・スチュアート青山店','W','B',2461,'ベージュ','カジュアル','PatternedSkirt','39A.jpg'),(40,40,'アーバンリサーチドアーズ','W','D',5130,'黒','ビーチ','CozyMaxiSkirt','40A.jpg'),(41,41,'FRAYI.D','W','T',10368,'白','ビジカジ','StripeShirtWhite','41A.jpg'),(42,42,'グレースコンチネンタル','W','D',28000,'白','デート','DressyDress','42A.jpg'),(43,43,'マークジェイコブス渋谷ヒカリエShinQsバッグ＆アクセサリ','W','G',16481,'黒','カジュアル','MarcJacobsBlackBackpack','43A.jpg'),(44,44,'nano・universe東京','W','T',6500,'黒','ビジカジ','BlackRaceShirt','44A.jpg'),(45,45,'ZARA渋谷公園通り店','W','B',908,'ブルー','カジュアル','BluePatterenedShorts','45A.jpg'),(46,46,'LANVINenBleu表参道','W','G',24000,'黒','カジュアル','LanvinBlackBackpack','46A.jpg'),(47,47,'Chloe','W','G',108000,'茶','カジュアル','ChloeLeatherTotebag','47A.jpg'),(48,48,'EMODA','W','T',5378,'白','ビジカジ','OffshoulderWhiteShirt','48A.jpg'),(49,49,'dazlzlin','W','T',4806,'赤','カジュアル','RedLaceTop','49A.jpg'),(50,50,'PSキャットストリート','M','A',18800,'All','カジュアル','Watch','50A.jpg'),(51,51,'アディダスオリジナルス','W','T',3672,'ピンク','スポーツ','AdidasBigT-shirt','51A.jpg'),(52,52,'DanielWellington原宿店','M','A',9980,'白','デート','SailersWatch','52A.jpg'),(53,53,'STUSSYHarajukuChapter','M','T',7560,'柄物','デート','PatternShirt','53A.jpg'),(54,54,'オークリーストア原宿店','M','A',17280,'ブルー','スポーツ','SportsGlasses','54A.jpg'),(55,55,'BURTONFLAGSHIPSTORETOKYO','M','O',55188,'黒','スポーツ','WinterCoat','55A.jpg'),(56,56,'ZoffPark原宿店','W/M','A',5400,'レッド','ビジカジ','BlueLightGlasses','56A.jpg'),(57,57,'NIKEHARAJUKU','M','T',1980,'白','スポーツ','NIKElogo','57A.jpg'),(58,58,'ザ・ノース・フェイス原宿店','M','B',13299,'黒','スポーツ','SportsPants','58A.jpg'),(59,59,'ベープストア　原宿','M','T',18954,'黒','デート','SharkT-shit','59A.jpg'),(60,60,'パタゴニア東京・渋谷','M','O',14580,'ネイビー','スポーツ','WinterCoat','60A.jpg'),(61,61,'アンダーアーマークラブハウス','M','T',2299,'白','スポーツ','WhiteUnderwear','61A.jpg'),(62,62,'TUMI','M','A',29700,'黒','ビジカジ','BusinessBag','62A.jpg'),(63,63,'A.P.C.','M','O',31644,'レッド','ビジカジ','RedlongShirt','63A.jpg'),(64,64,'サッカーショップKAMO渋谷店','M','B',4860,'レッド','スポーツ','BarcelonaPants','64A.jpg'),(65,65,'グッチ','M','T',82980,'黒','デート','GucciLeatherBag','65A.jpg'),(66,66,'wtw','M','A',10260,'ブルー','デート','ToatBag','66A.jpg'),(67,67,'SHIPS渋谷店','M','O',13986,'黒','ビジカジ','BusinessCasualJacket','67A.jpg'),(68,68,'ユナイテッドアローズ渋谷公園通り店','M','O',19440,'黒','ビジカジ','Jacket','68A.jpg'),(69,69,'ジャーナルスタンダード渋谷店','M','O',7344,'黒','ビジカジ','BusinessCasualJacket','69A.jpg'),(70,70,'Dolce&Gabbana','M','A',149040,'黒','デート','leatherdesignwallet','70A.jpg'),(71,71,'GaGaMILANOガガミラノ原宿店','M','A',93800,'黒','カジュアル','DesignWatch','71A.jpg'),(72,72,'バブアー渋谷店','M','O',52920,'緑・カーキ','デート','OiledJacket','72A.jpg'),(73,73,'グラニフ原宿店','M','T',2160,'白','デート','designT-shirt','73A.jpg'),(74,74,'アメリカンイーグル表参道店','W','B',14980,'黒','デート','DamageJeans','74A.jpg'),(75,75,'UndefeatedHarajyuku','M','O',29990,'黒','スポーツ','BlackJacket','75A.jpg'),(76,76,'LADMUSICIANHARAJUKU','M','T',3240,'ネイビー','デート','BluedesignT-shirt','76A.jpg'),(77,77,'BILLIONAIREBOYSCLUB','M','O',41410,'黒','デート','BalckBigJacket','77A.jpg'),(78,78,'EDWINTOKYOHARAJUKU','M','B',6512,'ネイビー','デート','403Jeans','78A.jpg'),(79,79,'NEWERATOKYO','M','A',3456,'黒','カジュアル','KnitCap','79A.jpg'),(80,80,'ユニクロ渋谷道玄坂店','M','A',1382,'緑・カーキ','デート','GreenBag','80A.jpg'),(81,81,'モンベル渋谷店','M','O',5940,'ALL','スポーツ','ColorfullCoat','81A.jpg'),(82,82,'ロンハーマン千駄ヶ谷店','W/M','T',15120,'黒','デート','BlackLongT-shirt','82A.jpg'),(83,83,'メゾンキツネ東京青山店','M','T',23300,'白','デート','BasicWhiteT-shirt','83A.jpg'),(84,84,'コムデギャルソン青山本店','M','B',28080,'グレー','ビジカジ','StretchChino','84A.jpg'),(85,85,'RalphLauren','W/M','T',2490,'ALL','ビジカジ','BasicPolo','85A.jpg'),(86,86,'districtUNITEDARROWS','W','B',16200,'緑・カーキ','ビジカジ','GreenChino','86A.jpg'),(87,87,'BrooksBrothers','M','T',10260,'ALL','ビジカジ','BasicShirt','87A.jpg'),(88,88,'GREGORY','M','A',23760,'ALL','デート','33LBIGBAG','88A.jpg'),(89,89,'TOGAXTCHarajuku','M','O',74520,'レッド','デート','Orangelongjacket','89A.jpg'),(90,90,'ビームス原宿','M','T',3996,'白','デート','SimplelogoT-shitr','90A.jpg'),(91,91,'ChromeHeartsクロムハーツ','M','A',19800,'白','デート','Eternalring','91A.jpg'),(92,92,'HARE.JP','M','T',1620,'ALL','カジュアル','SimpleT-shirt','92A.jpg'),(93,93,'DesigualStoreHarajuku','M','T',11899,'柄物','デート','PatternShirt','93A.jpg'),(94,94,'spinns原宿竹下通り店','M','T',2157,'白','カジュアル','SimpleT-shirt','94A.jpg'),(95,95,'ＷＥＧＯ原宿竹下通り店','W','T',421,'ピンク','カジュアル','VividPinkT-shirt','95A.jpg'),(96,96,'X-girl','W','G',3780,'ALL','デート','StreetBag','96A.jpg'),(97,97,'SHIPS原宿店','M','A',49680,'黒','ビジカジ','formalbusinessbag','97A.jpg'),(98,98,'モンクレール','W','O',94800,'黒','カジュアル','Snowjacket','98A.jpg'),(99,99,'セオリー青山店','W','B',2980,'柄物','カジュアル','Patternshorts','99A.jpg'),(100,100,'InternationalGalleryBeams','W','D',8242,'レッド','デート','Redlongdress','100A.jpg'),(101,101,'BEAMSBOYHARAJUKU','M','A',12960,'黒','カジュアル','G-ShockWatch','101A.jpg'),(102,1,'GUCCI','W','G',138780,'白','デート','GUCCIshoulderbagwhite','1B.jpg'),(103,2,'Coach','M','A',11800,'黒','フォーマル','Coachmen\'sleatherwallet','2B.jpg'),(104,3,'TOD\'S','M','A',8020,'黒','ビジカジ','TOD\'Smen\'swallet','3B.jpg'),(105,4,'バーバリー表参道','W','G',125000,'ベージュ','ビジカジ','Burberryshouldertotebaige','4B.jpg'),(106,5,'LouisVuittonOmotesandoStore','W','D',29300,'赤','ビジカジ','LouisVuittondiningdress','1B.jpg'),(107,7,'シャネル表参道','W','T',18662,'ベージュ','カジュアル','Chanelclassytank','2B.jpg'),(108,8,'Givenchy','M','O',111240,'黒','カジュアル','Givancyjacketblack','3B.jpg'),(109,9,'TommyHilfiger','M','O',14980,'ネイビー','カジュアル','Tommymen\'sjacket','4B.jpg'),(110,10,'アーバンリサーチ','M','A',2900,'グレー','ビジカジ','classymen\'stie','1B.jpg'),(111,11,'Céline','W','G',299700,'ベージュ','ビジカジ','Celineshoulderbagbaige','2B.jpg'),(112,12,'TedBakerTokyoOmotesando','W','D',49800,'白','デート','daydreamskirt','12B.jpg'),(113,13,'SaintLaurent','W','D',425800,'レッド','デート','WineDress','13B.jpg'),(114,14,'マイケルコース','W','B',38666,'ベージュ','ビーチ','sandshorts','14B.jpg'),(115,20,'H&M原宿店','W','B',300,'柄物','カジュアル','PatternedShorts','20B.jpg'),(116,25,'EATMEHarajukuHonten','W','D',4809,'黒','デート','EATME　NosleeveDress　Black','25B.jpg'),(117,26,'ZARA','W','G',7300,'黒','ビジネス','ZARAToteBag　Black','26B.jpg'),(118,27,'Levi’sHarajukuStore','W/M','T',3240,'白','カジュアル','Levi\'sLogoT-shirt','27B.jpg'),(119,28,'MANGO','W','D',4056,'黒','ビーチ','MANGOFlowerPrintSetupDress','28B.jpg'),(120,30,'Forever21Shibuya','W','T',810,'白','ビジカジ','TankShirtWhite','30B.jpg'),(121,31,'プーマストア原宿','M','T',2160,'灰色','スポーツ','PUMAWorkoutT-shirt','31B.jpg'),(122,33,'BVLGARI','M','A',25900,'紺','ビジネス','BVLGALISkyblueTie','33B.jpg'),(123,34,'ユニクロ渋谷スペイン坂店','W','T',630,'ベージュ','カジュアル','UNIQLOBeigeSummerSweater','34B.jpg'),(124,35,'LOWRYSFARMラフォーレ原宿','W','B',2900,'黒','カジュアル','BlackLaceSkirt','35B.jpg'),(125,37,'Cheekbyarchives','W','T',4147,'ベージュ','ビジカジ','PinkShirtforoffice','37B.jpg'),(126,38,'JILLbyJILLSTUART東急プラザ表参道原宿店','W','B',5454,'ベージュ','デート','BeigeTightSkirt','38B.jpg'),(127,40,'アーバンリサーチドアーズ','W','T',4914,'白','ビジカジ','BasicWhiteShirt','40B.jpg'),(128,41,'FRAYI.D','W','B',5454,'ベージュ','デート','Let\'sgoonadateSkirt','41B.jpg'),(129,42,'グレースコンチネンタル','W','T',18792,'白','カジュアル','WhiteShirt','42B.jpg'),(130,43,'マークジェイコブス渋谷ヒカリエShinQsバッグ＆アクセサリ','W','G',16481,'ネイビー','カジュアル','MarcJacobsNavyCompactBackpack','43B.jpg'),(131,44,'nano・universe東京','W','T',4681,'ピンク','カジュアル','VividPinkBlouse','44B.jpg'),(132,46,'LANVINenBleu表参道','W','G',13041,'ピンク','カジュアル','LanvinPinkBag','46B.jpg'),(133,47,'Chloe','W','G',128000,'黒','デート','ChloeShoulderBagBicolor','47B.jpg'),(134,48,'EMODA','W','T',7560,'ブルー','カジュアル','DenimShirtDamaged','48B.jpg'),(135,49,'dazlzlin','W','B',3000,'ネイビー','ビジネス','FlowerSkirtNavy','49B.jpg'),(136,50,'PSキャットストリート','M','A',9900,'青','カジュアル','Multi-colorTie','50B.jpg'),(137,51,'アディダスオリジナルス','M','T',4309,'ネイビー','スポーツ','AdidasLogoT-shirt','51B.jpg'),(138,52,'DanielWellington原宿店','M','A',13800,'ブラウン','デート','BrownWatch','52B.jpg'),(139,53,'STUSSYHarajukuChapter','M','A',6264,'ブルー','スポーツ','SummerHat','53B.jpg'),(140,55,'BURTONFLAGSHIPSTORETOKYO','M','O',12150,'黒','スポーツ','WaterproofCoat','55B.jpg'),(141,56,'ZoffPark原宿店','W/M','A',5400,'ブルー','ビジカジ','BlueLightGlasses','56B.jpg'),(142,57,'NIKEHARAJUKU','M','T',9180,'黒','スポーツ','NIKEGOLDPOLO','57B.jpg'),(143,58,'ザ・ノース・フェイス原宿店','M','O',31800,'黒','スポーツ','WaterproofCoat','58B.jpg'),(144,59,'ベープストア　原宿','M','O',45000,'ブルー','デート','Jacket','59B.jpg'),(145,60,'パタゴニア東京・渋谷','M','T',4536,'白','カジュアル','patagonialogoT-shirt','60B.jpg'),(146,62,'TUMI','M','A',39800,'黒','ビジカジ','BusinessBag','62B.jpg'),(147,63,'A.P.C.','M','B',13800,'ネイビー','デート','VintageWashedJeans','63B.jpg'),(148,65,'グッチ','M','A',78570,'黒','デート','AnimalPatterShorts','65B.jpg'),(149,66,'wtw','M','A',8100,'黒','デート','SailerBlackCap','66B.jpg'),(150,67,'SHIPS渋谷店','M','O',37800,'グレー','ビジカジ','tailoredJacket','67B.jpg'),(151,68,'ユナイテッドアローズ渋谷公園通り店','M','B',14040,'黒','カジュアル','CasualJogger','68B.jpg'),(152,69,'ジャーナルスタンダード渋谷店','M','O',32292,'ブルー','ビジカジ','BusinessCasualJacket','69B.jpg'),(153,70,'Dolce&Gabbana','M','B',51400,'黒','デート','Skinnyjeans','70B.jpg'),(154,71,'GaGaMILANOガガミラノ原宿店','M','A',60741,'ブルー','カジュアル','DesignWatch','71B.jpg'),(155,72,'バブアー渋谷店','M','O',24192,'緑・カーキ','デート','OiledJacket','72B.jpg'),(156,73,'グラニフ原宿店','W','T',2160,'緑・カーキ','カジュアル','designGreenT-shirt','73B.jpg'),(157,74,'アメリカンイーグル表参道店','M','B',11480,'黄色','ビジカジ','YellowChinoPants','74B.jpg'),(158,75,'UndefeatedHarajyuku','M','T',4000,'ゴールド','デート','T-shirt','75B.jpg'),(159,76,'LADMUSICIANHARAJUKU','M','T',19800,'白','デート','Parka','76B.jpg'),(160,77,'BILLIONAIREBOYSCLUB','M','O',15500,'柄物','カジュアル','Jacket','77B.jpg'),(161,78,'EDWINTOKYOHARAJUKU','M','A',3132,'ブラウン','デート','LeatherKeyCase','78B.jpg'),(162,79,'NEWERATOKYO','M','A',5940,'黒','カジュアル','BlackCap','79B.jpg'),(163,80,'ユニクロ渋谷道玄坂店','M','T',3779,'黒','カジュアル','BlackPolo','80B.jpg'),(164,81,'モンベル渋谷店','M','O',21060,'ALL','スポーツ','ColorfulCoat','81B.jpg'),(165,82,'ロンハーマン千駄ヶ谷店','M','O',43198,'黒','デート','Jacket','82B.jpg'),(166,83,'メゾンキツネ東京青山店','M','T',7990,'レッド','デート','RedT-shit','83B.jpg'),(167,84,'コムデギャルソン青山本店','M','B',35640,'黒','ビジカジ','StretchChino','84B.jpg'),(168,85,'RalphLauren','M','B',7980,'ALL','ビジカジ','BasicChino','85B.jpg'),(169,86,'districtUNITEDARROWS','W','B',9072,'ブルー','デート','WideSkirt','86B.jpg'),(170,87,'BrooksBrothers','M','T',6980,'ALL','ビジカジ','BasicPolo','87B.jpg'),(171,88,'GREGORY','M','A',12680,'ALL','デート','DailyBag','88B.jpg'),(172,89,'TOGAXTCHarajuku','M','O',31104,'柄物','デート','Patternshirt','89B.jpg'),(173,90,'ビームス原宿','M','O',10800,'黒','カジュアル','BlackLongT-shirt','90B.jpg'),(174,91,'ChromeHeartsクロムハーツ','M','A',280260,'黒','カジュアル','BlackLeatherwallet','91B.jpg'),(175,92,'HARE.JP','M','O',31320,'ネイビー','カジュアル','longcoat','92B.jpg'),(176,93,'DesigualStoreHarajuku','W','T',3950,'柄物','デート','Patternshirt','93B.jpg'),(177,94,'spinns原宿竹下通り店','M','B',2157,'柄物','デート','PatternShorts','94B.jpg'),(178,95,'ＷＥＧＯ原宿竹下通り店','M','B',5292,'緑・カーキ','カジュアル','BasicStreetShorts','95B.jpg'),(179,96,'X-girl','W','G',5940,'ALL','デート','MiniMessengerBag','96B.jpg'),(180,97,'SHIPS原宿店','M','O',24840,'黒','デート','OutdoorStreetCoat','97B.jpg'),(181,98,'モンクレール','W','O',299970,'黒','カジュアル','Snowjacket','98B.jpg'),(182,99,'セオリー青山店','M','T',20980,'黒','カジュアル','BasicBlackT-shirt','99B.jpg'),(183,100,'InternationalGalleryBeams','W','O',4147,'レッド','カジュアル','RedlongCardigan','100B.jpg'),(184,101,'BEAMSBOYHARAJUKU','M','O',19224,'ベージュ','ビジカジ','LightJacket','101B.jpg'),(185,1,'GUCCI','W','G',159800,'黒','デート','GUCCIshoulderbagblack','1C.jpg'),(186,2,'Coach','M','A',7980,'黒','ビジカジ','Coachmen\'sleatherbelt','2C.jpg'),(187,4,'バーバリー表参道','M','A',34800,'ベージュ','ビジカジ','Burberrychicwallet','４C.jpg'),(188,9,'TommyHilfiger','M','B',11113,'グレー','カジュアル','Tommychicpants','9C.jpg'),(189,10,'アーバンリサーチ','W','B',9180,'ブルー','カジュアル','denimpants','10C.jpg'),(190,11,'Céline','W','G',117800,'黒','カジュアル','Celeneshoulderbagblack','11C.jpg'),(191,12,'TedBakerTokyoOmotesando','W','D',34600,'白','カジュアル','summergooutdress','12C.jpg'),(192,14,'マイケルコース','W','B',19652,'黒','カジュアル','blackdenim','14C.jpg'),(193,25,'EATMEHarajukuHonten','W','T',1859,'黒','ビジカジ','EATMECardiganBlack','25C.jpg'),(194,26,'ZARA','W','G',1900,'白','ビジカジ','ZARAShoulderBagWhite','26C.jpg'),(195,27,'Levi’sHarajukuStore','M','O',19440,'ブルー','カジュアル','Levi\'sDenimJacket','27C.jpg'),(196,28,'MANGO','W','D',6926,'赤','ビーチ','MANGOStripeRetroDress','28C.jpg'),(197,30,'Forever21Shibuya','W','D',999,'ネイビー','フォーマル','FormalSexyNavyDress','30C.jpg'),(198,31,'プーマストア原宿','M','A',3480,'灰色','スポーツ','PUMASportSunglasses','31C.jpg'),(199,33,'BVLGARI','M','A',53900,'ネイビー','ビジネス','BVRGARINavyBelt','33C.jpg'),(200,34,'ユニクロ渋谷スペイン坂店','W','T',1000,'ピンク','ビジカジ','UNIQLOPinkCardigan','34C.jpg'),(201,35,'LOWRYSFARMラフォーレ原宿','W','B',2900,'ピンク','カジュアル','PinkShortSkirtFrontButtons','35C.jpg'),(202,38,'JILLbyJILLSTUART東急プラザ表参道原宿店','W','T',5140,'ネイビー','デート','NavyTop','38C.jpg'),(203,40,'アーバンリサーチドアーズ','W','B',6048,'ベージュ','カジュアル','CasualChinoPants','40C.jpg'),(204,41,'FRAYI.D','W','D',5454,'黒','ビーチ','NosleeveDressBlack','41C.jpg'),(205,42,'グレースコンチネンタル','W','D',20300,'ピンク','フォーマル','Semi-formalSmokyDress','42C.jpg'),(206,43,'マークジェイコブス渋谷ヒカリエShinQsバッグ＆アクセサリ','W','G',24815,'ピンク','デート','MarcJacobsPinkTotebag','43C.jpg'),(207,44,'nano・universe東京','W','T',2070,'灰色','カジュアル','DressyTankGrey','44C.jpg'),(208,46,'LANVINenBleu表参道','W','G',13041,'茶色','カジュアル','LanvinLeatherToteBag','46C.jpg'),(209,48,'EMODA','W','D',3950,'灰色','カジュアル','CozyJumpsuit','48C.jpg'),(210,49,'dazlzlin','W','D',1850,'黄色','ビーチ','YellowBeachDress','49C.jpg'),(211,51,'アディダスオリジナルス','W','T',4301,'ピンク','スポーツ','AdidasT-shirt','51C.jpg'),(212,52,'DanielWellington原宿店','M','A',18000,'シルバー','デート','ShilverWatch','52C.jpg'),(213,53,'STUSSYHarajukuChapter','M','T',13500,'黒','ビーチ','AlohaShirt','53C.jpg'),(214,56,'ZoffPark原宿店','W','A',3500,'ブルー','デート','SunglassBlue','56C.jpg'),(215,57,'NIKEHARAJUKU','M','O',9000,'黒','スポーツ','NIKEJacket','57C.jpg'),(216,58,'ザ・ノース・フェイス原宿店','M','T',4200,'ブルー','スポーツ','Shirt','58C.jpg'),(217,59,'ベープストア　原宿','M','T',18000,'黒','デート','Shirt','59C.jpg'),(218,60,'パタゴニア東京・渋谷','W','B',6000,'イエロー','ビーチ','Shorts','60C.jpg'),(219,62,'TUMI','M','A',35800,'黒','ビジカジ','BusinessBag','62C.jpg'),(220,63,'A.P.C.','M','B',15980,'ネイビー','デート','VintageWashedJanes','63C.jpg'),(221,65,'グッチ','M','A',41000,'黒','フォーマル','DeluxeBelt','65C.jpg'),(222,67,'SHIPS渋谷店','M','O',22680,'グレー','ビジカジ','tailoredJacket','67C.jpg'),(223,68,'ユナイテッドアローズ渋谷公園通り店','M','O',14400,'グレー','ビジカジ','Jacket','68C.jpg'),(224,69,'ジャーナルスタンダード渋谷店','M','O',5900,'ブルー','デート','Coat','69C.jpg'),(225,70,'Dolce&Gabbana','M','T',11500,'ALL','ビジカジ','Shirt','70C.jpg'),(226,71,'GaGaMILANOガガミラノ原宿店','M','A',47963,'黒','カジュアル','DesignWatch','71C.jpg'),(227,72,'バブアー渋谷店','M','O',49500,'ブルー','デート','Jacket','72C.jpg'),(228,74,'アメリカンイーグル表参道店','M','B',5800,'白','ビーチ','Shorts','74C.jpg'),(229,77,'BILLIONAIREBOYSCLUB','M','O',16000,'レッド','カジュアル','Jacket','77C.jpg'),(230,78,'EDWINTOKYOHARAJUKU','M','B',9180,'黒','デート','Trouser','78C.jpg'),(231,79,'NEWERATOKYO','M','T',4200,'ネイビー','ビーチ','T-shirt','79C.jpg'),(232,80,'ユニクロ渋谷道玄坂店','M','B',734,'黒','デート','T-shirt','80C.jpg'),(233,81,'モンベル渋谷店','M','O',22680,'レッド','スポーツ','RedCoat','81C.jpg'),(234,82,'ロンハーマン千駄ヶ谷店','M','T',8640,'白','デート','T-shirt','82C.jpg'),(235,83,'メゾンキツネ東京青山店','W/M','T',11300,'グレー','デート','BasicKitsunePolo','83C.jpg'),(236,84,'コムデギャルソン青山本店','M','T',17900,'柄物','ビーチ','T-shirt','84C.jpg'),(237,85,'RalphLauren','M','T',6463,'ピンク','ビジカジ','Shirt','85C.jpg'),(238,87,'BrooksBrothers','M','O',160800,'黒','ビジカジ','FormalJacket','87C.jpg'),(239,89,'TOGAXTCHarajuku','M','O',12312,'ブルー','デート','NiceJacket','89C.jpg'),(240,90,'ビームス原宿','M','B',6480,'ブルー','デート','Trouser','90.Cjpg'),(241,91,'ChromeHeartsクロムハーツ','M','A',1450000,'ゴールド','デート','GoldRing','91C.jpg'),(242,93,'DesigualStoreHarajuku','W','T',6676,'柄物','カジュアル','CuteT-shirt','93C.jpg'),(243,94,'spinns原宿竹下通り店','W','B',1070,'ブルー','デート','NiceSkirt','94C.jpg'),(244,95,'ＷＥＧＯ原宿竹下通り店','W','T',637,'柄物','カジュアル','FlowerPrintCardygan','95C.jpg'),(245,96,'X-girl','W','T',11800,'白','スポーツ','WhitePark','96C.jpg'),(246,97,'SHIPS原宿店','M','B',10756,'グレー','ビジカジ','BusinessTrouser','97C.jpg'),(247,98,'モンクレール','M','O',138915,'ネイビー','デート','WarmCoat','98C.jpg'),(248,100,'InternationalGalleryBeams','M','T',3040,'黒','ビジカジ','BlackPoloShirt','100C.jpg'),(249,101,'BEAMSBOYHARAJUKU','W','O',11880,'ネイビー','デート','BusinessJacket','101C.jpg'),(250,1,'GUCCI','W','G',109500,'ピンク','デート','GUCCIshoulderbagpink','1D.jpg'),(251,4,'バーバリー表参道','W','G',41040,'黒','デート','Burberrysmallshoulderbag','4D.jpg'),(252,9,'TommyHilfiger','W','B',12927,'ブルー','カジュアル','Tommywomen\'sstripedpants','9D.jpg'),(253,10,'アーバンリサーチ','W','D',17388,'グリーン','フォーマル','formaldressgreen','10D.jpg'),(254,26,'ZARA','W','T',5600,'白','カジュアル','ZARAEmbroideredFlowerBlouse','26D.jpg'),(255,27,'Levi’sHarajukuStore','W','B',7700,'ブルー','カジュアル','Levi\'sDamagedJeans','27D.jpg'),(256,28,'MANGO','W','D',18200,'カーキ','ビジカジ','MANGOBusinessDress','28D.jpg'),(257,30,'Forever21Shibuya','W','T',1341,'白','ビーチ','DressyWhiteTank','30D.jpg'),(258,34,'ユニクロ渋谷スペイン坂店','W','B',1124,'ブルー','カジュアル','UNIQLOSkinnyJeans','34D.jpg'),(259,35,'LOWRYSFARMラフォーレ原宿','W','T',2900,'ブルー','ビーチ','BlueBlouse','35D.jpg'),(260,38,'JILLbyJILLSTUART東急プラザ表参道原宿店','W','D',6782,'白','ビジカジ','Dresswithcollars','38D.jpg'),(261,40,'アーバンリサーチドアーズ','W','B',9000,'ブルー','カジュアル','90\'sJeans','40D.jpg'),(262,43,'マークジェイコブス渋谷ヒカリエShinQsバッグ＆アクセサリ','W','G',34352,'黒','ビジネス','MarcJacobsBlackBag','43D.jpg'),(263,51,'アディダスオリジナルス','W/M','T',7767,'ネイビー','スポーツ','adidasparka','51D.jpg'),(264,52,'DanielWellington原宿店','M','A',22000,'ネイビー','デート','DanielWellingtonwatchnavy','52D.jpg'),(265,53,'STUSSYHarajukuChapter','M','O',21800,'ブラウン','デート','STUSSYJACKET','53D.jpg'),(266,56,'ZoffPark原宿店','M','A',3500,'黒','スポーツ','SunglassBlack','56D.jpg'),(267,57,'NIKEHARAJUKU','M','O',19800,'黒','スポーツ','NikeJaclet','57D.jpg'),(268,58,'ザ・ノース・フェイス原宿店','M','O',85000,'ブラウン','スポーツ','Jacket','58D.jpg'),(269,60,'パタゴニア東京・渋谷','W','B',6000,'ブルー','ビーチ','Shorts','60D.jpg'),(270,63,'A.P.C.','M','T',13800,'白','デート','Knit','63D.jpg'),(271,65,'グッチ','M','A',74800,'ブラウン','フォーマル','Wallet','65D.jpg'),(272,67,'SHIPS渋谷店','M','T',7020,'ブルー','ビジカジ','Poloshirt','67D.jpg'),(273,68,'ユナイテッドアローズ渋谷公園通り店','M','T',3704,'緑','ビジカジ','Poloshirt','68D.jpg'),(274,70,'Dolce&Gabbana','M','T',36852,'グレー','デート','T-shirt','70D.jpg'),(275,71,'GaGaMILANOガガミラノ原宿店','M','A',52593,'黒','デート','DesignWatch','71D.jpg'),(276,72,'バブアー渋谷店','M','O',29400,'白','デート','Jaclet','72D.jpg'),(277,74,'アメリカンイーグル表参道店','M','T',4444,'黒','デート','Parka','74D.jpg'),(278,77,'BILLIONAIREBOYSCLUB','M','T',6000,'白','ビーチ','T-shirt','77D.jpg'),(279,79,'NEWERATOKYO','M','T',7992,'黒','ビジカジ','Poloshirt','79D.jpg'),(280,81,'モンベル渋谷店','M','O',10908,'白','スポーツ','WhiteParka','81D.jpg'),(281,82,'ロンハーマン千駄ヶ谷店','M','T',7344,'レッド','デート','T-shirt','82D.jpg'),(282,83,'メゾンキツネ東京青山店','W','B',23000,'柄物','デート','PatternSkirt','83D.jpg'),(283,84,'コムデギャルソン青山本店','M','T',22900,'黒','デート','BlackJacket','84D.jpg'),(284,85,'RalphLauren','M','T',6220,'レッド','スポーツ','RedParka','85D.jpg'),(285,87,'BrooksBrothers','M','O',77800,'グレー','フォーマル','FormalJacket','87D.jpg'),(286,90,'ビームス原宿','M','T',12000,'ネイビー','ビジカジ','Poloshirt','90D.jpg'),(287,91,'ChromeHeartsクロムハーツ','M','A',9028800,'ゴールド','デート','GODRing','91D.jpg'),(288,93,'DesigualStoreHarajuku','W','T',7516,'柄物','カジュアル','CuteOnepiece','93D.jpg'),(289,94,'spinns原宿竹下通り店','W','O',1078,'柄物','デート','CuteCardygan','94D.jpg'),(290,95,'ＷＥＧＯ原宿竹下通り店','W','B',637,'グレー','デート','LongTrouser','95D.jpg'),(291,96,'X-girl','W','T',8500,'レッド','デート','RedShirt','96D.jpg'),(292,97,'SHIPS原宿店','M','B',22896,'柄','ビーチ','BeachShorts','97D.jpg'),(293,98,'モンクレール','M','O',47800,'レッド','スポーツ','VeryWarmCoat','98D.jpg'),(294,100,'InternationalGalleryBeams','M','O',19224,'ベージュ','ビジカジ','BusinessJacket','100D.jpg'),(295,101,'BEAMSBOYHARAJUKU','W','T',6860,'ピンク','ビーチ','BitchOnepiece','101D.jpg'),(296,1,'GUCCI','W/M','T',58320,'白','カジュアル','GUCCIt-shirt','1E.jpg'),(297,9,'TommyHilfiger','W','B',2052,'ブルー','カジュアル','Tommysummershorts','9E.jpg'),(298,26,'ZARA','W','G',5292,'茶色','カジュアル','ZARACasualBag　Brown','26E.jpg'),(299,27,'Levi’sHarajukuStore','M','B',5660,'白','ビーチ','Levi\'sWhiteShorts','27E.jpg'),(300,28,'MANGO','W','T',16800,'白','ビジカジ','MANGOSimpleWhiteShirt','28E.jpg'),(301,30,'Forever21Shibuya','W','B',1599,'黄色','ビジカジ','YellowSkirt','30E.jpg'),(302,34,'ユニクロ渋谷スペイン坂店','W','B',700,'白','カジュアル','UNIQLOWhiteSweater','34E.jpg'),(303,35,'LOWRYSFARMラフォーレ原宿','W','B',2450,'白','カジュアル','MaxiWhiteCasualSkirt','35E.jpg'),(304,40,'アーバンリサーチドアーズ','W','B',5250,'カーキ','ビジカジ','CasualCozyPants','40E.jpg'),(305,67,'SHIPS渋谷店','M','T',8424,'柄物','デート','Alohashirt','67E.jpg');
/*!40000 ALTER TABLE `items` ENABLE KEYS */;
UNLOCK TABLES;

--
-- Table structure for table `menus`
--

DROP TABLE IF EXISTS `menus`;
/*!40101 SET @saved_cs_client     = @@character_set_client */;
/*!40101 SET character_set_client = utf8 */;
CREATE TABLE `menus` (
  `id` int(10) unsigned NOT NULL AUTO_INCREMENT,
  `restaurant_id` int(10) unsigned NOT NULL,
  `meal` varchar(191) COLLATE utf8mb4_unicode_ci NOT NULL,
  `price` int(11) NOT NULL,
  PRIMARY KEY (`id`),
  KEY `menus_restaurant_id_index` (`restaurant_id`),
  CONSTRAINT `menus_restaurant_id_foreign` FOREIGN KEY (`restaurant_id`) REFERENCES `restaurants` (`id`)
) ENGINE=InnoDB AUTO_INCREMENT=1710 DEFAULT CHARSET=utf8mb4 COLLATE=utf8mb4_unicode_ci;
/*!40101 SET character_set_client = @saved_cs_client */;

--
-- Dumping data for table `menus`
--

LOCK TABLES `menus` WRITE;
/*!40000 ALTER TABLE `menus` DISABLE KEYS */;
INSERT INTO `menus` VALUES (1,1,'レッドホットチリペッパー',950),(2,1,'フライドポテト',600),(3,1,'ワイルドローズマリーガーリック',950),(4,1,'トロピカルマンゴーハラペーニョ',1100),(5,1,'スウィートアップルシナモン',1000),(6,1,'グリルドチキンとロメインレタスのシーザーサラダ',1100),(7,1,'マンハッタンクラムチャウダー',750),(8,1,'S.F.Pバターミルクパンケーキ',650),(9,1,'ダラーパンケーキ',600),(10,1,'ベーコン＆エッグエニースタイル',1200),(11,1,'S.F.Pフレンチトースト＆ホイップクリーム',800),(12,1,'シナモンアップル＆ホイップクリーム',1000),(13,2,'EmpireStateOnionRings',1190),(14,2,'WildWestWings',1890),(15,2,'ChickenLettuceWraps',1490),(16,2,'TheBigChili',1790),(17,2,'CentralPark',1690),(18,2,'\"AllHailCaesar\"Salad',1590),(19,2,'BBQChicken&CheddarPizza',1790),(20,2,'Mac&Cheese',1790),(21,2,'MozzarellaTomatoShrimpPasta',1890),(22,3,'チポトレユカタンチキンサラダ',1490),(23,3,'フライデーズチーズバーガー',1490),(24,3,'チミチュリバーガー',1790),(25,3,'\"クリスピーフィッシュタコス\"',1490),(26,3,'ジャックダニエルズチキン',1790),(27,3,'ジャックダニエルズグレイズドリブ',1990),(28,3,'ニューヨークストリップ',3790),(29,3,'シーフードスパゲティー',1490),(30,4,'ハンバーガー',950),(31,4,'チーズバーガー',1100),(32,4,'ダブルバーガー',1350),(33,4,'ダブルチーズバーガー',1550),(34,4,'トリプルバーガー',1750),(35,4,'ベーコンチーズバーガー',1250),(36,4,'アボガドバーガー',1100),(37,4,'アボガド生ハムバーガー',1300),(38,4,'アボガドサルサチーズバーガー',1350),(39,4,'アボガドモッツァレラパインバーガー',1350),(40,5,'ビーフバーガーリッチダブル',1480),(41,5,'ビーフバーガーリッチトリプル',2380),(42,5,'プレミアムアボカドチーズベジサンド',880),(43,5,'ミニハンバーグのてりたまボウル',880),(44,5,'ハンバーガー屋さんの鉄皿ハンバーグ◎デミグラスソース',1680),(45,5,'尾崎牛バーガー',2380),(46,5,'果肉たっぷりふわふわフルーツかき氷「生マンゴーミルク」',880),(47,5,'絶品！本当に美味しいテリヤキチキンバーガー',880),(48,5,'TBB特製ロコモコプレート',1280),(49,6,'チキンウィング',1500),(50,6,'HOOTERSバーガー',1480),(51,6,'カーリー・フライ',700),(52,6,'フライド・ピクルス',980),(53,6,'フーターズ・コブサラダ',1600),(54,6,'チリチーズ・カーリーフライ',950),(55,6,'フィッシュ＆チップス',1480),(56,6,'バッファロー・プラッター',1980),(57,6,'ケサディア',1080),(58,6,'バッファロー・チキン・ディップ',1380),(59,6,'HOOTERSバーガー',1480),(60,7,'BABYBACKRIB',2900),(61,7,'1.5ポンド!!メガバックリブグリルスパイシーカレー',2900),(62,7,'グリルハーブガーリックバター',2900),(63,7,'スモークテキサスBBQ',2900),(64,7,'スモークハーブソルト',2900),(65,7,'フライソルト＆ペッパー',2900),(66,7,'STEWEDSPARERIB',1500),(67,7,'アジアンBBQ　',1500),(68,7,'グリルチキンの具沢山コブサラダ',1500),(69,7,'特製チーズケーキ',600),(70,8,'サーロインステーキ',1780),(71,8,'フィレステーキ',2580),(72,8,'熟成牛ハンバーグ',980),(73,8,'熟成牛おろしハンバーグ',1080),(74,8,'スペシャルハンバーグ',1680),(75,8,'自家製デミグラスハンバーグ',1380),(76,8,'極太チーズドッグ',780),(77,8,'極太パクチードッグ',880),(78,8,'海老のトマトクリームパスタ',1080),(79,8,'タンドリーチキンパクチー',680),(80,9,'つぶ貝ときのこのブルゴーニュ風',800),(81,9,'フィッシュ＆チップス',800),(82,9,'きのこのサラダ',900),(83,9,'生ハムとパルメザンチーズのサラダ',1100),(84,9,'牛ハラミのステーキ',1350),(85,9,'鶏むね肉のコンフィ',1600),(86,9,'UNTITLED名物！黒生地のシカゴピザ！',2800),(87,9,'豚肉のリエット',600),(88,9,'本日のマリネ3種盛り合わせ',700),(89,9,'ポムフリット',600),(90,10,'スライダーバーガー',1700),(91,10,'GCCBurgerw/Fries',1850),(92,10,'“Wagyu”BeefBurgerw/Salad&Fries',1600),(93,10,'BLTCheeseBurgerw/Salad&Fries',1700),(94,10,'PHILLYCHEESESTEAK',1800),(95,10,'EGGSBENEDICTTRADITIONAL',1670),(96,10,'Beans“Taco”Rice',1600),(97,10,'Affogato',570),(98,10,'Macadamianutspancake',880),(99,11,'シャルキュトリー盛合せ',1500),(100,11,'信玄鶏のレバーパテ',980),(101,11,'厚切りパテ・ド・カンパーニュ',800),(102,11,'レーズンとイチヂクのチーズ和え',700),(103,11,'雲丹のクレームブリュレ',800),(104,11,'シェフ特製！キッシュ・ロレーヌ',980),(105,11,'ヤリイカとズッキーニのフリット',1100),(106,11,'真ダコとアボカドのサラダ仕立て',880),(107,11,'苺のブランマンジェ',560),(108,11,'トリュフだらけの炊込みご飯',800),(109,11,'牛１００％の濃厚ボロネーゼ',980),(110,12,'冷製エビとキーライムのフォー',500),(111,12,'冷製坦々フォー',500),(112,12,'鉄板ナチョス',450),(113,12,'ズッキーニチーズオムレツ',590),(114,12,'チリマヨ・シュリンプ',590),(115,12,'ワイキキローカルコブサラダ',1289),(116,12,'アボカドメキシカンチョップサラダ',899),(117,12,'QUESADILLA',890),(118,12,'キムチーズ・フライドポテト',890),(119,12,'アミーゴタコライス',1030),(120,13,'黒毛和牛A-5ヒレステーキ',4500),(121,13,'黒毛和牛A-5ヒレステーキ',6500),(122,13,'黒毛和牛ヒレステーキ',8500),(123,13,'黒毛和牛A-5サーロインステーキ',4200),(124,13,'HACHI特製黒毛和牛ステーキサンド',4200),(125,13,'厳選雌牛黒毛和牛A-5牛刺し',1800),(126,13,'牛タンの塩漬け',1500),(127,13,'フルーツトマトと季節の青物のサラダ',1800),(128,13,'冷製ラタトゥイユ',500),(129,13,'\"本日の海鮮料理\"',1800),(130,14,'SPECIALMEATBANK',4980),(131,14,'牛フィレとフォアグラのロッシーニ',1680),(132,14,'ラクレットハンガーステーキ',1980),(133,14,'ラクレットチーズパンケーキ',1680),(134,14,'海老とマッシュルームのアヒージョ',870),(135,14,'魚貝のパエリア',1600),(136,14,'オマール海老のパエリア',1600),(137,14,'ベーコンアボガドチーズバーガー',1200),(138,14,'林檎とカマンベールのバーガー',1200),(139,14,'ベリーベリーパンケーキ',1300),(140,15,'ビーフダブルチーズバーガー',1800),(141,15,'メカジキグリルトマトバーガー',1500),(142,15,'マクロタブレサラダ',1400),(143,15,'メカジキグリルトマトバーガー',1300),(144,15,'マクロタブレサラダ',1300),(145,15,'フレンチトースト＆シーズンフルーツ',1000),(146,15,'渋谷モッツァレラブラータ&トマト',2800),(147,15,'ベジタブルブリトー',800),(148,15,'カーリーケール＆アボカドのタコス',1400),(149,15,'ポーチドエッグ&マグロ生ハムのサラダ',1500),(150,16,'USリブロースのローストビーフグレイビーソース400g',10300),(151,16,'USリブロースのローストビーフグレイビーソース300g',7900),(152,16,'USリブロースのローストビーフグレイビーソース200g',5500),(153,16,'USリブロースのローストビーフグレイビーソース100g',3100),(154,16,'チョップドサラダ',800),(155,16,'スモークサーモンとクリームチーズのディップ',800),(156,16,'シュリンプカクテル',600),(157,16,'オニオンリング',900),(158,16,'ロブスタービスク',990),(159,16,'チョコレートブラウニー',800),(160,17,'Hamburger',1000),(161,17,'CheeseBurger',1000),(162,17,'DoubleBurger',1000),(163,17,'DoubleCheeseBurger',1000),(164,17,'BaconCheeseBurger',1000),(165,17,'ChiliBurger',1000),(166,17,'ChiliCheeseBurger',1000),(167,17,'CornedBeefSandwich',1000),(168,17,'Shrimp&AvocadoSandwich',1000),(169,17,'FriedChicken',800),(170,18,'スモークマグロのディップ、バケットスライス',1880),(171,18,'コーンチップのフライドチキンテンダーススモーキーケソディップ',1200),(172,18,'チャンキービーフチリチーズフライ、テキサススタイル',1600),(173,18,'BBQチキン、ブラックビーンズコルビージャックチーズのサラダ',1800),(174,18,'アイスバーグウェッジ、ベーコン、クルトンブルーチーズドレッシング',1900),(175,18,'スモークフライドポテトウェッジマンゴーチャツネとサワークリーム',1000),(176,18,'テキサススタイルチャンキービーフチリビーンとコーンブレッド',1000),(177,18,'バナナクリームプディング、ティラミススタイル',800),(178,18,'ピーカンパイ、バニラアイスクリーム',800),(179,18,'プルドBBQポークとコールスローのサンドイッチ',800),(180,19,'umami',1380),(181,19,'manly',1500),(182,19,'true',1500),(183,19,'royale',1550),(184,19,'teriyakisamurai',1450),(185,19,'u-bbq',1580),(186,19,'teriyakisamura',1500),(187,19,'umaminoko',1280),(188,19,'u-cajunwings',1280),(189,19,'truefries',1400),(190,20,'熱々！！とろけるラクレットチーズと自家製ハンバーグのスキレット',1296),(191,20,'＃802特製出来立て今月のラザニア',1296),(192,20,'\"ちょっぴりスパイシーなコンビーフディップ\"',1500),(193,20,'熱々！！とろけるラクレットチーズと黒毛ハンバーグのスキレット',1500),(194,20,'チーズたっぷりの特製キーマカレー',1500),(195,20,'ごろごろミートソースパスタ',1500),(196,20,'ハーブチキンとアボカドのクリームソースパスタ',1500),(197,20,'ブリオッシュフレンチトーストベリベリーソース',1500),(198,20,'濃厚バニラアイスとマスカルポーネのハニーアップルパイ',1500),(199,20,'自家製豆乳レアチーズのフルーツジャー',1500),(200,21,'カオマンガイ',1000),(201,21,'骨入りスープ',800),(202,21,'パクチーサラダ',800),(203,21,'ガパオライス',1000),(204,21,'トムヤムクン',1000),(205,21,'パクチーラーメン',1000),(206,21,'グリーンカレー',1000),(207,21,'タピオカミルク',350),(208,21,'イエローカレー',1000),(209,21,'レッドカレー',1000),(210,22,'ダルバートノンベジ',900),(211,22,'ダルバートベジ',900),(212,22,'チキンカレー',900),(213,22,'マトンカレー',900),(214,22,'チキンチリ',900),(215,22,'バンブースープ',900),(216,22,'日替わりカレーライス',900),(217,22,'ムングダールフライ',900),(218,22,'ムラコアツァール',400),(219,22,'アルサデコ',400),(220,23,'牛ランプPicanhaピッカーニャ',1000),(221,23,'牛のこぶ肉Cupimクッピン',1000),(222,23,'牛フィレFileフィレ',1000),(223,23,'ハラミFraudinhaフラウジーニャ',1000),(224,23,'豚のスペアリブ',1000),(225,23,'牛のスペアリブ',1000),(226,23,'ソーセージLinguicaリングイッサ',1000),(227,23,'ンチシュラスコ＆ビュッフェコース',1150),(228,23,'グリルチキンステーキ＆ビュッフェコース',1150),(229,23,'ポークロインステーキ＆ビュッフェコース',1300),(230,24,'コンボファヒータ',800),(231,24,'TEXMEXナチョス',800),(232,24,'ケソフォンディード',800),(233,24,'チキンファヒータ',800),(234,24,'ポークファヒータ',800),(235,24,'チミチャンガ',800),(236,24,'TEXMEXシュリンプフライ',800),(237,24,'テキサスフライドチキン',700),(238,24,'BBQチキンサルサタコス',700),(239,24,'アボカドシュリンプタコス',700),(240,25,'フレンチフライwithチポレマヨネーズ',550),(241,25,'カラマリのビアフリット',550),(242,25,'アンチョビのポテトサラダ',550),(243,25,'港のハムカツ',550),(244,25,'グリルドガーリックツナ',550),(245,25,'グリルドスカートステーキ',800),(246,25,'季節野菜のアヒージョ',800),(247,25,'スパイシーチリアヒージョ',800),(248,25,'チーズナチョス',800),(249,25,'季節野菜のアヒージョ',800),(250,26,'牡蠣のケイジャンパン粉焼き',1500),(251,26,'自家製オニオンリング',1400),(252,26,'コブサラダ',1400),(253,26,'鶏もも肉の鉄板焼きファヒィータ',1400),(254,26,'USプライムビーフハンガーステーキ',1400),(255,26,'マッドチョコレートケーキ',400),(256,26,'ガーリックシュリンプ',500),(257,26,'コブサラダ',600),(258,26,'サーモンとアボカドのポキ～トリフ風味～',500),(259,26,'ファフィータシーフート',880),(260,27,'ファフィータチキン',1200),(261,27,'タコスチキン',880),(262,27,'ピカディーヨ',1300),(263,27,'ブリトー',990),(264,27,'フライドフィッシュブリトー',900),(265,27,'チキンエンチラーダ',740),(266,27,'茄子のエンチラーダ',740),(267,27,'アボカドサラダ',840),(268,27,'ムール貝のコーンサルサ和え',900),(269,27,'エビとアボカドのカクテルソース',870),(270,28,'タコスの盛り合わせ',1300),(271,28,'トリュフ風味の濃厚カルボナーラ',1300),(272,28,'ITA×MEXスペシャル肉盛り合わせ',1300),(273,28,'トリュフ風味の濃厚カルボナーラ',1300),(274,28,'タコスの盛り合わせ',1300),(275,28,'魚介のトマトリゾット',1300),(276,28,'日替わりパスタ',1300),(277,28,'タコスランチセット',1300),(278,28,'グリーンカレーのキーマカレー',1300),(279,28,'ポークソテー',1300),(280,29,'ソムタム・タイ',980),(281,29,'ガパオ鶏カラ',980),(282,29,'クン・チェー・ナンプラー',980),(283,29,'パックブン・ファイデーン',980),(284,29,'カイ・チアオ・ムー・サップ',980),(285,29,'パッ・ガパオ・ガイ（鶏肉のガパオ)',980),(286,29,'プーニム・パッ・プリック・タイダム',980),(287,29,'ガパオ・ヌア・ラート・カーオ',980),(288,29,'カーオ・トム・クン',980),(289,29,'パッ・シーィウ',980),(290,30,'トムカーガイ（鶏肉のココナッツミルクスープ）',1280),(291,30,'シェフおすすめ『帆立のカリカリガパオかけ』',1280),(292,30,'シェフおすすめ『空心菜の天ぷらのサラダ』',1280),(293,30,'シェフおすすめ『牛肉のグリル、タイスタイル』',1280),(294,30,'シェフおすすめ！『豚肉とハーブの香り揚げ団子』',1280),(295,30,'トムヤムクン（エビのサワースープ）',1080),(296,30,'ピリ辛牛すじハーブスープ',1080),(297,30,'生春巻～ポピアソッ～',1080),(298,30,'海老のすり身の揚げ餃子～ギョウクントード～',1080),(299,30,'青パパイヤのソムタム～ソムタム・タイ～',1080),(300,31,'バターチキン',1400),(301,31,'当店人気のカレー4種類付！ボリューム満点',2950),(302,31,'サグチキン',1400),(303,31,'カブリチキン',1300),(304,31,'サグマトン',1360),(305,31,'ダールマトン',1360),(306,31,'ナブラタンカレー',1360),(307,31,'サグパニール',1360),(308,31,'アルーゴビー',1360),(309,31,'チャナマサラ',1360),(310,32,'もやしとパクチーのPICCANTE',600),(311,32,'うま辛挽肉豆腐',800),(312,32,'パクチービーンズレタス包み',650),(313,32,'パクチー盛り森',600),(314,32,'LUSSOサラダ',800),(315,32,'生ハムパクチー',700),(316,32,'旨塩鶏と炙り豚肩ロースの2種盛り',900),(317,32,'ソフトシェルシュリンプとパクチーラディーチェのアヒージョ',900),(318,32,'パクチーとエビのバゲットピザ',1000),(319,32,'オリエンタルマリネエビorホタテ',700),(320,33,'チーズサムギョプサル',1280),(321,33,'厚切りサムギョブサル',980),(322,33,'トロトロ～チーズタッカルビ',2880),(323,33,'豚トロ',880),(324,33,'肩ロース',980),(325,33,'牛プルコギ鍋',3500),(326,33,'カムジャタン鍋',3500),(327,33,'プルコギサラダ',1080),(328,33,'チョレギサラダ',780),(329,33,'サムゲタン',2300),(330,34,'ねぎチヂミ',980),(331,34,'キムチチヂミ',980),(332,34,'チャプチェ',980),(333,34,'カルビクッパ',780),(334,34,'ビビンパ',730),(335,34,'石焼きビビンパ',980),(336,34,'ビビン麺',890),(337,34,'プテチゲ',890),(338,34,'タッカルビ',1830),(339,34,'ユッケジャン',780),(340,35,'麻辣湯',720),(341,35,'魯肉飯',720),(342,35,'七宝卵ごはん',800),(343,35,'ミニ魯肉飯',600),(344,35,'マンゴープリン',340),(345,35,'担々麺　',820),(346,35,'ピータン',400),(347,35,'七宝卵ごはん',800),(348,35,'春雨大盛',800),(349,35,'レモンサワー',340),(350,36,'かにチャーハン',670),(351,36,'かにかにチャーハン',680),(352,36,'かに肉とろ玉ピリ辛チャーハン',770),(353,36,'えび中華マヨチャーハン',690),(354,36,'油淋鶏香味ソースチャーハン',700),(355,36,'チャーハン大盛り',690),(356,36,'餃子3個',220),(357,36,'ネギ鳥唐揚げ',289),(358,36,'かにしゅうまい',250),(359,36,'豚の唐揚げカレー風味チャーハン',880),(360,37,'牛ハラミの炭火焼',1280),(361,37,'アボカドとサルサのワカモレ',680),(362,37,'海老とアボカドのコブサラダ',680),(363,37,'サルシッチャとチーズのスパニッシュオムレツ',680),(364,37,'メキシカンナチョス',700),(365,37,'チキンファヒータ',980),(366,37,'ベーシック・ケサディーヤ',980),(367,37,'スパイスチキン・ケサディーヤ',780),(368,37,'オマール海老のジャンバラヤ',1380),(369,37,'しらすとカラスミのペペロンチーノ',1280),(370,38,'生ハムとミニトマトのイタリアンサラダ',780),(371,38,'手ごねもっちもち自家製フォカッチャ',650),(372,38,'お任せタパス盛り合わせ',520),(373,38,'カラフルミニトマトとフレッシュトマトのカプレーゼ',700),(374,38,'厳選豪産牛もも肉のこだわりローストビーフ',680),(375,38,'ボリューム満点！アクアパッツァ',2480),(376,38,'３種のキノコと熟成ベーコンのアヒージョ',880),(377,38,'ホタテと小エビのアヒージョ',1080),(378,38,'海の幸豊かなシーフードパエリア',1780),(379,38,'海の幸豊かなシーフードパエリア',1780),(380,39,'自家製ピクルス',300),(381,39,'しまあじとパクチーのセビーチェ',650),(382,39,'牛肉のタルタル',700),(383,39,'自家製・無添加スパイスソーセージプティファラのグリル',850),(384,39,'北海道産・黒毛和牛のコトレッタ',1800),(385,39,'ブッチャーズポテトサラダ',700),(386,39,'小えびのアヒージョ',1200),(387,39,'タンドリーチキンのアヒージョ',1200),(388,39,'フレッシュムール貝の白ワイン蒸し',1800),(389,39,'トモサンカクプライムビーフ',1200),(390,40,'イベリコ黒豚の生ハム',2200),(391,40,'イベリコ黒豚の生ハムとセラーノハムの盛り合わせ',1700),(392,40,'ポテトのオムレツ',6670),(393,40,'スペインチーズ盛り合わせ',1300),(394,40,'サーモンマリネトマトドレッシング',820),(395,40,'山羊のチーズ',560),(396,40,'名物マッシュルームの鉄板焼き',570),(397,40,'コカバレンシア風',980),(398,40,'ラムと野菜のトマトソース',1000),(399,40,'エビのアヒーヨ',900),(400,41,'ブリトー',820),(401,41,'ブリトーボウル',820),(402,41,'タコス',870),(403,41,'エンチラーダ',1520),(404,41,'ケサディーヤ',870),(405,41,'ナチョス',820),(406,41,'サラダボウル',820),(407,41,'フローズンマルガリータ',800),(408,41,'メキシコ産ビール',700),(409,41,'partyplan',2500),(410,42,'キムカル丼',500),(411,42,'ネギたっぷりネギ塩豚カルビ丼',450),(412,42,'ネギたっぷりネギ塩豚カルビ丼生野菜セット',530),(413,42,'プレミアム牛めし',380),(414,42,'牛めし',320),(415,42,'ネギたっぷり旨辛ネギたま牛めし',430),(416,42,'牛焼肉定食',600),(417,42,'カルビ焼肉定食',650),(418,42,'定番朝定食',360),(419,42,'焼鮭定食',450),(420,43,'ベジーデライト',300),(421,43,'ケイジャンチキン',450),(422,43,'サブウェイクラブ',540),(423,43,'アボカドベジー',390),(424,43,'炭火てり焼きチキン',500),(425,43,'ローストビーフ',490),(426,43,'オーブンポテトS',200),(427,43,'BLT',410),(428,43,'えびアボカド',490),(429,43,'オーブンポテトM',240),(430,44,'ぶっかけ',400),(431,44,'温玉ぶっかけ',400),(432,44,'釜揚げ',400),(433,44,'塩豚おろし',550),(434,44,'塩豚温玉',550),(435,44,'牛肉おろしぶっかけ',550),(436,44,'ざる',400),(437,44,'コクうまサラダ',540),(438,44,'きつね',400),(439,44,'わかめ',400),(440,45,'ロコモコ',450),(441,45,'チーズロコモコマフィン',460),(442,45,'スパイシーロコモコ',450),(443,45,'ビックマック',450),(444,45,'グランクラブハウス',450),(445,45,'チーズバーガー',350),(446,45,'照り焼きマックバーガー',350),(447,45,'フィレオフィッシュ',480),(448,45,'チキンフィレオ',400),(449,45,'ポテト',270),(450,46,'スパイシーチキンフィレバーガー',450),(451,46,'ラタトゥィユスパイシーチキンフィレバーガー',48),(452,46,'黒毛和牛と黒豚の極メンチかつサンド',460),(453,46,'6尾まるごと極海老かつサンド',480),(454,46,'ブリオッシュモッツァレラバジルバーガー',680),(455,46,'ウェンディーズバーガー',490),(456,46,'ウェンディーズマッシュルームベーコネーター',900),(457,46,'ワイルドロック',650),(458,46,'UMAMIチキン竜田サンド',360),(459,46,'ポテトセット',390),(460,47,'ダブルワッパーチーズ',810),(461,47,'フレッシュアボカドワッパー',990),(462,47,'ワッパー',840),(463,47,'ワッパージュニア',710),(464,47,'フレンチフライ',280),(465,47,'オニオンリング',300),(466,47,'チーズバイツ',100),(467,47,'チョコレートサンデー',150),(468,47,'アップルパイ',100),(469,47,'テリヤキレタスバーガー',290),(470,48,'モスバーガー',370),(471,48,'モスチーズバーガー',400),(472,48,'テリヤキバーガー',360),(473,48,'モス野菜バーガー',360),(474,48,'フィッシュバーガー',340),(475,48,'ロースカツバーガー',380),(476,48,'チキンバーガー',320),(477,48,'ナンタコス',430),(478,48,'ナンカレードッグ',420),(479,48,'モスライスバーガー',480),(480,49,'2タコススプリーム',790),(481,49,'ファヒータブリトー',760),(482,49,'クランチクラップ',850),(483,49,'ファヒータケサディーヤ',250),(484,49,'ツイスターセット',850),(485,49,'シュリンプ＆アボカドブリトー',850),(486,49,'チージービーフブリトー',320),(487,49,'チージーチップス',270),(488,49,'チージーポテト',270),(489,49,'シナモントスターダ',190),(490,50,'レッドホットチキンセット',710),(491,50,'サンドセット',690),(492,50,'オリジナルチキン',250),(493,50,'骨なしケンタッキー',250),(494,50,'ツイスターセット',640),(495,50,'とり天パック',1100),(496,50,'レッドホットチキンBOX',1030),(497,50,'チキンフィレサンド',390),(498,50,'ビスケット',220),(499,50,'コールスロー',260),(500,51,'ムー',290),(501,51,'リーゾ',220),(502,51,'ロココ',100),(503,51,'パニーニ各種',600),(504,51,'イタリアンサラダ',500),(505,51,'特製フレンチトースト',550),(506,51,'\"鉄板フレンチトースト\"',550),(507,51,'コーヒー',400),(508,51,'エスプレッソ',300),(509,51,'カフェラテ',400),(510,52,'マフィン',300),(511,52,'スコーン',300),(512,52,'クロワッサン',380),(513,52,'エスプレッソ',300),(514,52,'アメリカーノ',300),(515,52,'マキアート',400),(516,52,'ラテ',400),(517,52,'チャイラテ',400),(518,52,'ドリップコーヒー',300),(519,52,'ティー',300),(520,53,'オーガニックケール＆クリスピープロシュート',1800),(521,53,'自家製サーモンマリネ＆マスカルポーネ',1800),(522,53,'ベリー＆ギリシャヨーグルト',1800),(523,53,'ベジタリアン',1200),(524,53,'サーモンマリネ',1600),(525,53,'スモークチキン',1600),(526,53,'ローストビーフ',1800),(527,53,'ローカーボリカバリー',1180),(528,53,'ハイカーボパワー',1180),(529,53,'ビューティークレンズ',1180),(530,54,'エスプレッソ',500),(531,54,'カプチーノ',500),(532,54,'カフェモカ',500),(533,54,'マキアート',500),(534,54,'ブレンド',500),(535,54,'ディカフェ',500),(536,54,'ビスコッティ',300),(537,54,'チョコレートクッキー',300),(538,54,'スムージー',700),(539,55,'ウィークリースープ',500),(540,55,'自家製トースト',500),(541,55,'スパイシーソテーシュリンプ',1600),(542,55,'バターミルクパンケーキ',900),(543,55,'クリスピーベーコンサンドイッチ',1300),(544,55,'ウィークリープレート',1500),(545,55,'グリルドソーセージとワッフルフライドポテト',1000),(546,55,'リヴアイステーキ',2300),(547,55,'カラマリフリット',800),(548,55,'フレンチフライ',800),(549,55,'チョコレートケーキ',800),(550,56,'パルフェタムール',800),(551,56,'モンテリマール',800),(552,56,'クーロンヌ',800),(553,56,'クレームブリュレ',800),(554,56,'今週のお肉料理',1800),(555,56,'仔羊のやわらかグリル',1800),(556,56,'今月のスパゲッティ',1800),(557,56,'焼きたてスパイシーグリルチキンとロメインレタスのシーザーサラダ',1800),(558,56,'スモークサーモンとフレッシュ野菜のクロワッサンサンド',1800),(559,56,'スモークサーモンのニース風サラダ',1800),(560,57,'オーガニックコーヒーパンケーキ',1380),(561,57,'プレーンパンケーキ',1380),(562,57,'クラシックベルギーワッフル',1380),(563,57,'フルーツワッフル',1400),(564,57,'キャラメルバナナワッフル',1380),(565,57,'スクランブルエッグ',1200),(566,57,'サーモンスクランブルエッグ',1400),(567,57,'グリルドチキンバジルペーストサンド',1599),(568,57,'チキンカレーサンド',1500),(569,57,'チキンバーガー',1500),(570,58,'3CHOICESALADS',1380),(571,58,'2CHOICESALADS1CHOICEHOTDISHES',1580),(572,58,'CROISSANT',580),(573,58,'DELI',550),(574,58,'HOTDISHESARANCHINI',650),(575,58,'SWEETPAVLOVA',700),(576,58,'BANANASALTEDCARAMELLOAF',700),(577,58,'REDVELVETCUPCAKE',600),(578,58,'FRENCHTOAST',1280),(579,58,'GRANOLA',800),(580,59,'シーズナルスープ',1000),(581,59,'ビーツサラダ',1100),(582,59,'バターミルクビスケットサンドウィッチ',1000),(583,59,'スパニッシュスクランブル',1400),(584,59,'クリントンストリートオムレツ',1300),(585,59,'ブリオーシュフレンチトースト',1400),(586,59,'ブリオーシュフレンチトースト',1600),(587,59,'エッグベネディクト',1400),(588,59,'ウエボスランチェロ',1600),(589,59,'スモークサーモンポテトパンケーキ',1600),(590,60,'抹茶フラペチーノ',400),(591,60,'チャイティーラテ',380),(592,60,'ドリップコーヒー',280),(593,60,'スターバックスラテ',330),(594,60,'ソイラテ',380),(595,60,'カプチーノ',330),(596,60,'カフェモカ',400),(597,60,'ホワイトモカ',400),(598,60,'キャラメルフラペチーノ',380),(599,60,'コーヒーフラペチーノ',420),(600,61,'抹茶フラペチーノ',400),(601,61,'チャイティーラテ',380),(602,61,'ドリップコーヒー',280),(603,61,'スターバックスラテ',330),(604,61,'ソイラテ',380),(605,61,'カプチーノ',330),(606,61,'カフェモカ',400),(607,61,'ホワイトモカ',400),(608,61,'キャラメルフラペチーノ',380),(609,61,'コーヒーフラペチーノ',420),(610,61,'抹茶フラペチーノ',400),(611,61,'チャイティーラテ',380),(612,61,'ドリップコーヒー',280),(613,61,'スターバックスラテ',330),(614,61,'ソイラテ',380),(615,61,'カプチーノ',330),(616,61,'カフェモカ',400),(617,61,'ホワイトモカ',400),(618,61,'キャラメルフラペチーノ',380),(619,61,'コーヒーフラペチーノ',420),(620,62,'抹茶フラペチーノ',400),(621,62,'チャイティーラテ',380),(622,62,'ドリップコーヒー',280),(623,62,'スターバックスラテ',330),(624,62,'ソイラテ',380),(625,62,'カプチーノ',330),(626,62,'カフェモカ',400),(627,62,'ホワイトモカ',400),(628,62,'キャラメルフラペチーノ',380),(629,62,'コーヒーフラペチーノ',420),(630,63,'抹茶フラペチーノ',400),(631,63,'チャイティーラテ',380),(632,63,'ドリップコーヒー',280),(633,63,'スターバックスラテ',330),(634,63,'ソイラテ',380),(635,63,'カプチーノ',330),(636,63,'カフェモカ',400),(637,63,'ホワイトモカ',400),(638,63,'キャラメルフラペチーノ',380),(639,63,'コーヒーフラペチーノ',420),(640,64,'抹茶フラペチーノ',400),(641,64,'チャイティーラテ',380),(642,64,'ドリップコーヒー',280),(643,64,'スターバックスラテ',330),(644,64,'ソイラテ',380),(645,64,'カプチーノ',330),(646,64,'カフェモカ',400),(647,64,'ホワイトモカ',400),(648,64,'キャラメルフラペチーノ',380),(649,64,'コーヒーフラペチーノ',420),(650,65,'抹茶フラペチーノ',400),(651,65,'チャイティーラテ',380),(652,65,'ドリップコーヒー',280),(653,65,'スターバックスラテ',330),(654,65,'ソイラテ',380),(655,65,'カプチーノ',330),(656,65,'カフェモカ',400),(657,65,'ホワイトモカ',400),(658,65,'キャラメルフラペチーノ',380),(659,65,'コーヒーフラペチーノ',420),(660,66,'抹茶フラペチーノ',400),(661,66,'チャイティーラテ',380),(662,66,'ドリップコーヒー',280),(663,66,'スターバックスラテ',330),(664,66,'ソイラテ',380),(665,66,'カプチーノ',330),(666,66,'カフェモカ',400),(667,66,'ホワイトモカ',400),(668,66,'キャラメルフラペチーノ',380),(669,66,'コーヒーフラペチーノ',420),(670,67,'抹茶フラペチーノ',400),(671,67,'チャイティーラテ',380),(672,67,'ドリップコーヒー',280),(673,67,'スターバックスラテ',330),(674,67,'ソイラテ',380),(675,67,'カプチーノ',330),(676,67,'カフェモカ',400),(677,67,'ホワイトモカ',400),(678,67,'キャラメルフラペチーノ',380),(679,67,'コーヒーフラペチーノ',420),(680,68,'抹茶フラペチーノ',400),(681,68,'チャイティーラテ',380),(682,68,'ドリップコーヒー',280),(683,68,'スターバックスラテ',330),(684,68,'ソイラテ',380),(685,68,'カプチーノ',330),(686,68,'カフェモカ',400),(687,68,'ホワイトモカ',400),(688,68,'キャラメルフラペチーノ',380),(689,68,'コーヒーフラペチーノ',420),(690,69,'抹茶フラペチーノ',400),(691,69,'チャイティーラテ',380),(692,69,'ドリップコーヒー',280),(693,69,'スターバックスラテ',330),(694,69,'ソイラテ',380),(695,69,'カプチーノ',330),(696,69,'カフェモカ',400),(697,69,'ホワイトモカ',400),(698,69,'キャラメルフラペチーノ',380),(699,69,'コーヒーフラペチーノ',420),(700,70,'コーヒー',250),(701,70,'カフェラテ',250),(702,70,'ドリップコーヒー',320),(703,70,'紅茶',310),(704,70,'ロイヤルミルクティー',380),(705,70,'ゆずちゃ',400),(706,70,'チョコクロ',180),(707,70,'塩ミルクチョコクロ',180),(708,70,'ミートチリバーガー',380),(709,70,'名物カレーパン',230),(710,71,'チーズフォンデュ',980),(711,71,'オリーブ',480),(712,71,'キノコのマリネ',380),(713,71,'かぼちゃとゴルゴンゾーラ',580),(714,71,'カプレーゼ',480),(715,71,'海老とブロッコリーの自家製マヨネーズ和え',480),(716,71,'スモークサーモンとリコッタチーズ',380),(717,71,'冷製カポナータ',380),(718,71,'自家製ピクルス',480),(719,71,'チョリソーとスナップエンドウのアヒージョ',680),(720,72,'ハーフサラダ',700),(721,72,'温菜サラダ',1200),(722,72,'パスタ',1200),(723,72,'子羊のソテー',1200),(724,72,'アンガスビーフステーキ',1200),(725,72,'ガーリックシュリンプ',1200),(726,72,'オイスターバター',1200),(727,72,'ラムチョップ',1200),(728,72,'前菜盛り合わせ',1050),(729,72,'自家製パン',1050),(730,73,'本日の鮮魚のマリネ',1600),(731,73,'フレッシュマッシュルームのサラダ',1400),(732,73,'夏野菜のアグロドルチェ',1400),(733,73,'フルーツトマトのカプレーゼ',1200),(734,73,'茄子のカポナータシチリア風',1600),(735,73,'サンダニエーレ産生ハムのルッコラ添え',1400),(736,73,'自家製テリーヌ',1400),(737,73,'近江牛のタタキハリーズバー風',1800),(738,73,'穴子のサルティンボッカ',1600),(739,73,'キャビアの冷製カッペリーニ',3400),(740,74,'クラッシクシーザーサラダ',700),(741,74,'特大ハム10種盛り合わせ',950),(742,74,'サルシッチャ',1500),(743,74,'フォアグラ',2000),(744,74,'スペアリブの煮込み',1500),(745,74,'プロシュートルッコラ',1500),(746,74,'牛テールの煮込みサフラン風味',1800),(747,74,'アクアパッツァ',2400),(748,74,'ビスマルク',1500),(749,74,'パテドカンパーニュ',800),(750,75,'前菜の盛り合わせ',1900),(751,75,'パルマ産生ハムと水牛のモッツァレッラチーズ',2500),(752,75,'トリッパとギアラとほうれん草のトマト煮込み',1800),(753,75,'ヤリイカのフライ',1800),(754,75,'手長海老の炭火焼き',3600),(755,75,'仔羊肉の猟師風',3600),(756,75,'肉の炭火焼き盛り合わせ',3900),(757,75,'パッパルデッレの手長海老ソース',2000),(758,75,'リコッタチーズとほうれん草のラヴィオリバターとセージのソース',2000),(759,75,'牛フィレ肉の炭火焼き',3800),(760,76,'メカジキのインボルティーニ',500),(761,76,'オニオンチーズグラタン',400),(762,76,'鶏レバー煮込み',400),(763,76,'ポルチーニ茸のクリームリゾット',650),(764,76,'季節のラザニア',650),(765,76,'自家製ハムとサラミ5種盛合せ',1100),(766,76,'前菜10種盛合せ',1480),(767,76,'ルカーニカ',1000),(768,76,'スパゲティー',600),(769,76,'ティラミス',550),(770,77,'本日の魚介類盛り合わせ',2400),(771,77,'フレッシュリコッタチーズと旬の果物',1200),(772,77,'フィレンツェ風牛トリッパのトマト煮込み',1800),(773,77,'自家製サルシッチャの熾火焼き',1600),(774,77,'フランス産本日の仔羊',2800),(775,77,'本日の赤身と霜降の部位盛り合わせ',3200),(776,77,'白ワイン蒸し',1200),(777,77,'パンチェッタと玉ネギ',1800),(778,77,'数種トマトとバジリコ',1800),(779,77,'アモーレのアッラビアータ',1800),(780,78,'北海道産生うにとズワイガニのフェットチーネ',1500),(781,78,'トレビスとゴルゴンゾーラ',1400),(782,78,'対馬いのしし肩肉とごぼうの赤ワイン煮',1500),(783,78,'シーフードたっぷりのピッツァ',1800),(784,78,'ハマグリの焼きリゾット',1500),(785,78,'天然真鯛と車えびのソテー',2900),(786,78,'活きオマール海老のガーリック焼きレモン添え',3000),(787,78,'子羊肉のオーブン焼き',3000),(788,78,'牛フィレ肉と４色トマト',3200),(789,78,'子牛のカツレツ',3000),(790,79,'ブッテロ風前菜の盛り合わせ',2400),(791,79,'パルミジャーノのプデイングとサンダニエーレ産プロシュート添え',1900),(792,79,'自家燻製メカジキのカルパッチョ',1800),(793,79,'ホタテ貝とポルチーニ茸のソテー',2400),(794,79,'本日のラザニア',2300),(795,79,'ピッツァ生地に包まれたリングイネ',3900),(796,79,'サーモンとイクラのリゾット',1800),(797,79,'旬の魚介のミックスグリル',3400),(798,79,'洋梨とタレッジヨチーズのリゾット',4200),(799,79,'パンチェッタ',1200),(800,80,'ハマグリの焼きリゾット',1500),(801,80,'天然真鯛と車えびのソテー',2900),(802,80,'活きオマール海老のガーリック焼きレモン添え',3000),(803,80,'子羊肉のオーブン焼き',3000),(804,80,'ホタテ貝とポルチーニ茸のソテー',2400),(805,80,'本日のラザニア',2300),(806,80,'ピッツァ生地に包まれたリングイネ',3900),(807,80,'サーモンとイクラのリゾット',1800),(808,80,'活きオマール海老のガーリック焼きレモン添え',3000),(809,80,'子羊肉のオーブン焼き',3000),(810,81,'タロス風手作り小皿前菜',1000),(811,81,'鍋ごと新鮮な貝類のガーリックオリーブオイル蒸し',2400),(812,81,'最高級サルデーニャ産ぼらカラスミとセロリ',2400),(813,81,'カジキマグロとオニオンのパン粉オーブン焼き',2200),(814,81,'肉肉肉のグリリアータ・ミスタ',2400),(815,81,'イタリア産厳選チーズ盛り合わせ',2000),(816,81,'パーネフラッタウ',1400),(817,81,'サーモンとイクラのリゾット',1800),(818,81,'活きオマール海老のガーリック焼きレモン添え',3000),(819,81,'ビスマルク',1500),(820,82,'北海道日高四元神威豚肩ロースのグリル',1300),(821,82,'美桜鶏レバーの湯引き',800),(822,82,'フォアグラと白レバーのパテ',700),(823,82,'自家製サルシッチャ',800),(824,82,'フルーツトマトのカップレーゼ',1000),(825,82,'小海老のアヒージョ',1000),(826,82,'アラビアータ',1100),(827,82,'いろいろキノコとゴーダーチーズのピザ',1300),(828,82,'ボンゴレビアンコ',1200),(829,82,'生ウニとフレッシュバジルのトマトクリームソース',1600),(830,83,'ピンチョス',1200),(831,83,'パルマ産プロシュート',700),(832,83,'濃厚ブラータチーズとフルーツトマトのカプレーゼ仕立て',2500),(833,83,'レッドチコリとゴルゴンゾーラのサラダ',1500),(834,83,'カルボナーラ',1900),(835,83,'和牛のボロネーゼ',2200),(836,83,'ズッキーニとサフランのリゾット',1900),(837,83,'クアトロフォルマッジ',1800),(838,83,'表参道bamboo特製ローストチキン',4000),(839,83,'カジキマグロとじゃがいものアンチョビ焦がしバターソース',1800),(840,84,'フォアグラと白レバーのパテ',700),(841,84,'自家製サルシッチャ',800),(842,84,'フルーツトマトのカップレーゼ',1000),(843,84,'活きオマール海老のガーリック焼きレモン添え',3000),(844,84,'子羊肉のオーブン焼き',3000),(845,84,'鍋ごと新鮮な貝類のガーリックオリーブオイル蒸し',2400),(846,84,'最高級サルデーニャ産ぼらカラスミとセロリ',2400),(847,84,'リコッタチーズとほうれん草のラヴィオリバターとセージのソース',2000),(848,84,'牛フィレ肉の炭火焼き',3800),(849,84,'パルマ産プロシュート',700),(850,85,'北海道日高四元神威豚肩ロースのグリル',1300),(851,85,'美桜鶏レバーの湯引き',800),(852,85,'フォアグラと白レバーのパテ',700),(853,85,'自家製サルシッチャ',800),(854,85,'フルーツトマトのカップレーゼ',1000),(855,85,'小海老のアヒージョ',1000),(856,85,'アラビアータ',1100),(857,85,'いろいろキノコとゴーダーチーズのピザ',1300),(858,85,'ボンゴレビアンコ',1200),(859,85,'生ウニとフレッシュバジルのトマトクリームソース',1600),(860,86,'ラタトゥイユ',2200),(861,86,'生ハムとチーズ盛り合わせ',1000),(862,86,'フォアグラ',2400),(863,86,'エスカルゴ',1600),(864,86,'パテ',900),(865,86,'カモのロースト',3600),(866,86,'子羊のシチュー',2000),(867,86,'エクレア風ムース',700),(868,86,'クリームブリュレ',800),(869,86,'バゲットキャビア添え',1800),(870,87,'キントア豚の生ハム',2000),(871,87,'キノコのマリネ',600),(872,87,'地鶏レバーのムース',700),(873,87,'水タコのサラダ仕立て',1500),(874,87,'ココチャと頬肉のピルピル',2500),(875,87,'本日のお肉料理',3600),(876,87,'若鶏のバスク風煮込み',2200),(877,87,'バカラオのピルピル',2000),(878,87,'オリーヴのマリネ',800),(879,87,'ブランダード',700),(880,88,'ラタトゥイユ',2200),(881,88,'生ハムとチーズ盛り合わせ',1000),(882,88,'フォアグラ',2400),(883,88,'エスカルゴ',1600),(884,88,'パテ',900),(885,88,'カモのロースト',3600),(886,88,'子羊のシチュー',2000),(887,88,'エクレア風ムース',700),(888,88,'クリームブリュレ',800),(889,88,'バゲットキャビア添え',1800),(890,89,'ジビエのパテ',5800),(891,89,'ホワイトアスパラガスのバヴァロア',6800),(892,89,'オマールブルーのメダイヨン',6000),(893,89,'ブルターニュ産オマール海老',12000),(894,89,'若布を纏った鮑のヴァプール',6800),(895,89,'じゃがいもに包まれた手長海老のソテー',6200),(896,89,'本日の鮮魚のフリカッセ',6500),(897,89,'フランス産仔羊鞍下肉の瞬間燻製',6300),(898,89,'サングリエのロティ',6800),(899,89,'ショコラのビスキュイ',1800),(900,90,'ホワイトアスパラガス',800),(901,90,'生マッシュルームのサラダ',1400),(902,90,'アンディーブとブルーチーズのサラダ',2000),(903,90,'骨付きロースの炭火焼き',3000),(904,90,'豚スネ肉のコンフィ',3200),(905,90,'カッスーレ',3200),(906,90,'豚足のパン粉焼き',1800),(907,90,'ガトーバスク',800),(908,90,'クレームブリュレ',1000),(909,90,'プロフィットロール',1200),(910,91,'ラタトゥイユ',2200),(911,91,'生ハムとチーズ盛り合わせ',1000),(912,91,'フォアグラ',2400),(913,91,'エスカルゴ',1600),(914,91,'パテ',900),(915,91,'カモのロースト',3600),(916,91,'子羊のシチュー',2000),(917,91,'エクレア風ムース',700),(918,91,'クリームブリュレ',800),(919,91,'バゲットキャビア添え',1800),(920,92,'キントア豚の生ハム',2000),(921,92,'キノコのマリネ',600),(922,92,'地鶏レバーのムース',700),(923,92,'水タコのサラダ仕立て',1500),(924,92,'ココチャと頬肉のピルピル',2500),(925,92,'本日のお肉料理',3600),(926,92,'若鶏のバスク風煮込み',2200),(927,92,'バカラオのピルピル',2000),(928,92,'オリーヴのマリネ',800),(929,92,'ブランダード',700),(930,93,'丸鶏のロースト',1880),(931,93,'仔鴨胸肉のロースト',1980),(932,93,'静岡県健美鶏モモ肉のロースト',1780),(933,93,'美明豚肩ロースとたっぷり野菜のココット蒸し',1980),(934,93,'白レバーのパテ',580),(935,93,'自家製ジャガイモのニョッキ',870),(936,93,'大麦入り鶏肉ソーセージ',750),(937,93,'ポルチーニ茸のクリームリゾット',1200),(938,93,'栗プリン',450),(939,93,'生チョコレートケーキ',450),(940,94,'軽く塩でしめた本日のお薦め鮮魚',4500),(941,94,'タラバ蟹と半熟卵のビスク風味',4200),(942,94,'伊勢海老のミキュイ',5600),(943,94,'ビックリトリュフ',5000),(944,94,'ブイヤベース',6500),(945,94,'真鯛のロティ',5000),(946,94,'牛フィレ肉のロースト',9800),(947,94,'ブルターニュ産仔牛ロース肉のロティ',6000),(948,94,'アントルコート',16000),(949,94,'冷製スープポティロンとエチュべしたオマール海老',4000),(950,95,'丸鶏のロースト',1880),(951,95,'仔鴨胸肉のロースト',1980),(952,95,'静岡県健美鶏モモ肉のロースト',1780),(953,95,'美明豚肩ロースとたっぷり野菜のココット蒸し',1980),(954,95,'白レバーのパテ',580),(955,95,'自家製ジャガイモのニョッキ',870),(956,95,'大麦入り鶏肉ソーセージ',750),(957,95,'ポルチーニ茸のクリームリゾット',1200),(958,95,'栗プリン',450),(959,95,'生チョコレートケーキ',450),(960,96,'鮪刺身定食',900),(961,96,'鮪やまかけ定食',900),(962,96,'鯖塩焼定食',900),(963,96,'鯖味噌煮定食',850),(964,96,'しめ鯖',700),(965,96,'赤身',500),(966,96,'タコ',600),(967,96,'イカ',600),(968,96,'いくら',700),(969,96,'赤貝',800),(970,97,'しめ鯖',700),(971,97,'赤身',500),(972,97,'タコ',600),(973,97,'イカ',600),(974,97,'いくら',700),(975,97,'赤貝',800),(976,97,'雲丹',1300),(977,97,'アワビ',1800),(978,97,'マグロ',2100),(979,97,'アナゴ',1800),(980,98,'赤貝',1300),(981,98,'しめ鯖',1800),(982,98,'赤身',1600),(983,98,'タコ',1200),(984,98,'イカ',1200),(985,98,'いくら',1800),(986,98,'アナゴ',1800),(987,98,'雲丹',1300),(988,98,'アワビ',1800),(989,98,'マグロ',2100),(990,99,'赤貝',1300),(991,99,'しめ鯖',1800),(992,99,'赤身',1600),(993,99,'タコ',1200),(994,99,'イカ',1200),(995,99,'いくら',1800),(996,99,'アナゴ',1800),(997,99,'雲丹',1300),(998,99,'アワビ',1800),(999,99,'マグロ',2100),(1000,100,'赤貝',1100),(1001,100,'しめ鯖',1100),(1002,100,'赤身',900),(1003,100,'タコ',1100),(1004,100,'イカ',1100),(1005,100,'いくら',1600),(1006,100,'アナゴ',1600),(1007,100,'雲丹',1200),(1008,100,'アワビ',1800),(1009,100,'マグロ',2100),(1010,101,'赤貝',1100),(1011,101,'しめ鯖',1100),(1012,101,'赤身',900),(1013,101,'タコ',1100),(1014,101,'イカ',1100),(1015,101,'いくら',1600),(1016,101,'アナゴ',1600),(1017,101,'雲丹',1200),(1018,101,'アワビ',1800),(1019,101,'マグロ',2100),(1020,102,'しめ鯖',700),(1021,102,'赤身',500),(1022,102,'タコ',600),(1023,102,'イカ',600),(1024,102,'いくら',700),(1025,102,'赤貝',800),(1026,102,'雲丹',1300),(1027,102,'アワビ',1800),(1028,102,'マグロ',2100),(1029,102,'アナゴ',1800),(1030,103,'しめ鯖',700),(1031,103,'赤身',500),(1032,103,'タコ',600),(1033,103,'イカ',600),(1034,103,'いくら',700),(1035,103,'赤貝',800),(1036,103,'雲丹',1300),(1037,103,'アワビ',1800),(1038,103,'マグロ',2100),(1039,103,'アナゴ',1800),(1040,104,'しめ鯖',900),(1041,104,'赤身',800),(1042,104,'タコ',800),(1043,104,'イカ',700),(1044,104,'いくら',800),(1045,104,'赤貝',1100),(1046,104,'雲丹',1700),(1047,104,'アワビ',1700),(1048,104,'マグロ',2000),(1049,104,'アナゴ',1600),(1050,105,'赤貝',1100),(1051,105,'しめ鯖',1100),(1052,105,'赤身',900),(1053,105,'タコ',1100),(1054,105,'イカ',1100),(1055,105,'いくら',1600),(1056,105,'アナゴ',1600),(1057,105,'雲丹',1200),(1058,105,'アワビ',1800),(1059,105,'マグロ',2100),(1060,106,'フレッシュオレンジマティーニ',1600),(1061,106,'シンガポールスリング',1600),(1062,106,'フレッシュキウイモヒート',1750),(1063,106,'サッポロ黒ラベル',1000),(1064,106,'マッカラン12年',1700),(1065,106,'ブラントン',1500),(1066,106,'タンカレー',1100),(1067,106,'コカコーラ',800),(1068,106,'アッサム',850),(1069,106,'赤ワイン',1750),(1070,107,'SAPPORO黒ラベル生',860),(1071,107,'マッカラン12年',1500),(1072,107,'タンカレー',1300),(1073,107,'シンガポールスリング',1600),(1074,107,'フレッシュキウイモヒート',1750),(1075,107,'コカコーラ',800),(1076,107,'アッサム',850),(1077,107,'赤ワイン',1750),(1078,107,'ジントニック',1000),(1079,107,'マティーニ',1600),(1080,108,'ハウスワイン',1000),(1081,108,'ハイネケン',900),(1082,108,'ジャック',1000),(1083,108,'BACKYARD',1400),(1084,108,'グレンリベット12年',1100),(1085,108,'バルヴェニー12年',1200),(1086,108,'バランタイン17年',1600),(1087,108,'ブルーノート東京ビール',1100),(1088,108,'レモンスカッシュ',1100),(1089,108,'トマトクリスタル',1200),(1090,109,'ギムレット',1200),(1091,109,'マティーニ',1300),(1092,109,'ラストワード',1400),(1093,109,'シンガポールスリング',1500),(1094,109,'ダイキリ',1200),(1095,109,'ネバダ',1200),(1096,109,'パリジャンブロンド',1300),(1097,109,'サイドカー',1300),(1098,109,'マンハッタン',1400),(1099,109,'ニューヨーク',1400),(1100,110,'ライムライト',1100),(1101,110,'トレインスポッティング',800),(1102,110,'スターウォーズ',750),(1103,110,'タクシードライバー',750),(1104,110,'恋する惑星',900),(1105,110,'タイタニック',800),(1106,110,'ラマン',800),(1107,110,'オペラ座の怪人',850),(1108,110,'インセプション',900),(1109,110,'トイストーリー',1200),(1110,111,'Mojito',1300),(1111,111,'Grappa',1500),(1112,111,'WhiteLady',1200),(1113,111,'GinTonic',1200),(1114,111,'AbsoluteVodka',1200),(1115,111,'Laphroaig',1300),(1116,111,'Yamazaki',1700),(1117,111,'Hakusyu',1700),(1118,111,'RonZacapa',1400),(1119,111,'Żubrówka',1000),(1120,112,'Mojito',1300),(1121,112,'Grappa',1500),(1122,112,'WhiteLady',1200),(1123,112,'GinTonic',1200),(1124,112,'AbsoluteVodka',1200),(1125,112,'Laphroaig',1300),(1126,112,'Yamazaki',1700),(1127,112,'Hakusyu',1700),(1128,112,'RonZacapa',1400),(1129,112,'Żubrówka',1000),(1130,113,'ギムレット',1200),(1131,113,'マティーニ',1300),(1132,113,'ラストワード',1400),(1133,113,'シンガポールスリング',1500),(1134,113,'ダイキリ',1200),(1135,113,'ネバダ',1200),(1136,113,'パリジャンブロンド',1300),(1137,113,'サイドカー',1300),(1138,113,'マンハッタン',1400),(1139,113,'ニューヨーク',1400),(1140,114,'SAPPORO黒ラベル生',860),(1141,114,'マッカラン12年',1500),(1142,114,'タンカレー',1300),(1143,114,'シンガポールスリング',1600),(1144,114,'フレッシュキウイモヒート',1750),(1145,114,'コカコーラ',800),(1146,114,'アッサム',850),(1147,114,'赤ワイン',1750),(1148,114,'ジントニック',1000),(1149,114,'マティーニ',1600),(1150,115,'ジントニック',900),(1151,115,'モスコミュール',900),(1152,115,'キューバリブレ',900),(1153,115,'マティーニ',1100),(1154,115,'ギムレット',1100),(1155,115,'モヒート',1100),(1156,115,'サイドカー',1300),(1157,115,'キールロワイアル',1300),(1158,115,'赤ワイン',1750),(1159,115,'シンガポールスリング',1600),(1160,116,'3GlassesSet',3200),(1161,116,'5GlassesSet',4500),(1162,116,'ラフィット',24000),(1163,116,'ジスクール',8500),(1164,116,'サントネイ',8500),(1165,116,'ヴォルネイ',10000),(1166,116,'カンボン',7000),(1167,116,'シャピトレ',16500),(1168,116,'シャブリ',5500),(1169,116,'ブリュット',6500),(1170,117,'ジントニック',1000),(1171,117,'ギムレット',1200),(1172,117,'マティーニ',1200),(1173,117,'バラライカ',1200),(1174,117,'テキーラサンライズ',1300),(1175,117,'ゴッドファーザー',1300),(1176,117,'ニューヨーク',1200),(1177,117,'アレキサンダー',1300),(1178,117,'スプモーニ',1100),(1179,117,'レッドアイ',1100),(1180,118,'ジントニック',1300),(1181,118,'マルガリータ',1500),(1182,118,'ボウモア',1500),(1183,118,'ラフロイグ',1500),(1184,118,'デュワーズ',1200),(1185,118,'ジャックダニエル',1200),(1186,118,'白州',1700),(1187,118,'山崎18y',3000),(1188,118,'ヴィエイユレゼルブ',1700),(1189,118,'グラスシャンパン',1700),(1190,119,'ギムレット',1200),(1191,119,'マティーニ',1300),(1192,119,'ラストワード',1400),(1193,119,'シンガポールスリング',1500),(1194,119,'ダイキリ',1200),(1195,119,'ネバダ',1200),(1196,119,'パリジャンブロンド',1300),(1197,119,'サイドカー',1300),(1198,119,'マンハッタン',1400),(1199,119,'ニューヨーク',1400),(1200,120,'クローバージンラッキー',1550),(1201,120,'ガリバルディ',1240),(1202,120,'ローンウルフ',1240),(1203,120,'ライチカクテル',1650),(1204,120,'ローゼスインメイ',1650),(1205,120,'小玉西瓜×バジルのマティーニ',1550),(1206,120,'アメリカーノ',1240),(1207,120,'蓬ギムレット',1340),(1208,120,'ベネット',1450),(1209,120,'月桂樹×アメーラ',1500),(1210,121,'らーめん',770),(1211,121,'つけ麺',770),(1212,121,'スペシャルらーめん',980),(1213,121,'鶏のねぎ塩ごはん',290),(1214,121,'そぼろごはん',290),(1215,121,'お月見水餃子',310),(1216,121,'点心',480),(1217,121,'焼き餃子',420),(1218,121,'お好み餃子',480),(1219,121,'甘味さくら',380),(1220,122,'ラーメン',700),(1221,122,'ラーメン大',780),(1222,122,'味玉ラーメン',800),(1223,122,'味玉ラーメン大',900),(1224,122,'ネギラーメン',850),(1225,122,'ネギラーメン大',950),(1226,122,'チャーシューメン',950),(1227,122,'チャーシューメン大',1050),(1228,122,'ネギチャーシューメン',1100),(1229,122,'ネギチャーシューメン大',1200),(1230,123,'塩ラーメン',770),(1231,123,'こだわりのまぜ麺',890),(1232,123,'トロ肉ラーメン',1050),(1233,123,'みそらーめん',770),(1234,123,'しょうゆらーめん',770),(1235,123,'味付け玉子ラーメン',870),(1236,123,'小さいラーメン',670),(1237,123,'玉子かけご飯',210),(1238,123,'白ご飯',150),(1239,123,'おつまみチャーシュー',500),(1240,124,'大島餃子',350),(1241,124,'手羽餃子',190),(1242,124,'大島餃子愛盛り',900),(1243,124,'ねぎチャーシュー',300),(1244,124,'５点盛り',550),(1245,124,'中華風冷奴',350),(1246,124,'きゅうりのピリ辛和え',350),(1247,124,'天然岩もずく',300),(1248,124,'わんたん餃子',350),(1249,124,'つまみチャーシュー',300),(1250,125,'らーめん',800),(1251,125,'味玉ラーメン',900),(1252,125,'焼き豚ラーメン',1100),(1253,125,'塩ラーメン',800),(1254,125,'味噌ラーメン',800),(1255,125,'しょうゆラーメン',800),(1256,125,'シーザーサラダ',800),(1257,125,'カムカムレモン',800),(1258,125,'わたぱっち',600),(1259,125,'はやしスペシャル',9000),(1260,126,'味噌タンメン',780),(1261,126,'蒙古タンメン',800),(1262,126,'五目蒙古タンメン',880),(1263,126,'北極ラーメン',830),(1264,126,'冷やし五目味噌タンメン',860),(1265,126,'冷やし五目蒙古タンメン',880),(1266,126,'冷やし味噌ラーメン',800),(1267,126,'半冷やし味噌ラーメン',390),(1268,126,'定食',180),(1269,126,'蒙古丼',780),(1270,127,'特製味噌ラーメン',980),(1271,127,'特製辛味噌ラーメン',1080),(1272,127,'辛味噌ラーメン',880),(1273,127,'辛味噌チャーシューメン',1180),(1274,127,'味玉辛味噌ラーメン',980),(1275,127,'味噌ラーメン',780),(1276,127,'味噌チャーシューメン',108),(1277,127,'味玉味噌ラーメン',880),(1278,127,'幻の餃子',380),(1279,127,'味噌焼きおにぎり',130),(1280,128,'豚味噌ラーメン',800),(1281,128,'チャーシュー2倍ラーメン',1200),(1282,128,'特製トントロ醤油ラーメン',900),(1283,128,'バカうま豚骨醤油ラーメン',850),(1284,128,'にんにくたまご醤油ラーメン',900),(1285,128,'チャーシュー丼',500),(1286,128,'スタミナ定食',850),(1287,128,'半チャーハンセット',900),(1288,128,'特製チャーシュー',400),(1289,128,'幻のラーメン',1600),(1290,129,'とんこつラーメン',800),(1291,129,'黒マー油とんこつラーメン',850),(1292,129,'辛味噌とんこつラーメン',900),(1293,129,'とんこつセット',1200),(1294,129,'半熟卵ねぎとんこつラーメン',850),(1295,129,'辛ラーメン',850),(1296,129,'博多明太子',300),(1297,129,'のり',100),(1298,129,'めんま',100),(1299,129,'きくらげ',100),(1300,130,'喜多方ラーメン',650),(1301,130,'焼き豚ラーメン',1000),(1302,130,'ネギラーメン',800),(1303,130,'ネギ豚ラーメン',800),(1304,130,'和風冷やしラーメン',750),(1305,130,'中華風冷やしラーメン',800),(1306,130,'餃子セット',790),(1307,130,'あぶり焼き豚ご飯セット',940),(1308,130,'半チャーハンセット',990),(1309,130,'お子様ラーメンセット',510),(1310,131,'俺流塩ラーメン',800),(1311,131,'俺流熟成塩ラーメン',780),(1312,131,'俺流男盛りラーメン',900),(1313,131,'特俺流塩ラーメン',800),(1314,131,'俺流新熟成ラーメン',800),(1315,131,'俺流黒熟成ラーメン',750),(1316,131,'俺流俺しそラーメン',780),(1317,131,'俺流ゆず塩ラーメン',800),(1318,131,'俺流味噌ラーメン',760),(1319,131,'俺流辛味噌ラーメン',800),(1320,132,'塩ラーメン',800),(1321,132,'しょうゆラーメン',900),(1322,132,'味噌ラーメン',900),(1323,132,'辛味噌ラーメン',900),(1324,132,'チャーシューメン',1000),(1325,132,'特選トロ肉ラーメン',1200),(1326,132,'ねぎ飯',500),(1327,132,'半熟たまご',100),(1328,132,'焼き餃子',400),(1329,132,'まかないラーメン',870),(1330,133,'熟成光麺',800),(1331,133,'魚介つけ麺',900),(1332,133,'ピリ辛担々麺',900),(1333,133,'焦がし担々麺',900),(1334,133,'味付け玉子',100),(1335,133,'メンマ',100),(1336,133,'チャーシュー',300),(1337,133,'炒めネギ',100),(1338,133,'のり',100),(1339,133,'替え玉',100),(1340,134,'天然豚骨',700),(1341,134,'釜だれとんこつ',700),(1342,134,'合格ラーメン',700),(1343,134,'市場系とんこつ',700),(1344,134,'一蘭ラーメン',2000),(1345,134,'一蘭特製ラーメン',2000),(1346,134,'博多細麺',2000),(1347,134,'赤い秘伝の粉',690),(1348,134,'替え玉',190),(1349,134,'半替え玉',100),(1350,135,'しょうゆラーメン',800),(1351,135,'シーザーサラダ',900),(1352,135,'カムカムレモン',1100),(1353,135,'わたぱっち',800),(1354,135,'はやしスペシャル',800),(1355,135,'味噌タンメン',800),(1356,135,'蒙古タンメン',800),(1357,135,'五目蒙古タンメン',800),(1358,135,'北極ラーメン',600),(1359,135,'冷やし五目味噌タンメン',900),(1360,136,'しょうゆラーメン',100),(1361,136,'シーザーサラダ',800),(1362,136,'カムカムレモン',900),(1363,136,'わたぱっち',1100),(1364,136,'はやしスペシャル',800),(1365,136,'味噌タンメン',800),(1366,136,'蒙古タンメン',800),(1367,136,'五目蒙古タンメン',800),(1368,136,'北極ラーメン',800),(1369,136,'冷やし五目味噌タンメン',600),(1370,137,'しょうゆラーメン',900),(1371,137,'シーザーサラダ',100),(1372,137,'カムカムレモン',800),(1373,137,'わたぱっち',900),(1374,137,'はやしスペシャル',1100),(1375,137,'味噌タンメン',800),(1376,137,'蒙古タンメン',800),(1377,137,'五目蒙古タンメン',800),(1378,137,'北極ラーメン',800),(1379,137,'冷やし五目味噌タンメン',800),(1380,138,'しょうゆラーメン',600),(1381,138,'シーザーサラダ',900),(1382,138,'カムカムレモン',100),(1383,138,'わたぱっち',800),(1384,138,'はやしスペシャル',900),(1385,138,'味噌タンメン',1100),(1386,138,'蒙古タンメン',800),(1387,138,'五目蒙古タンメン',800),(1388,138,'北極ラーメン',800),(1389,138,'冷やし五目味噌タンメン',800),(1390,139,'しょうゆラーメン',800),(1391,139,'シーザーサラダ',600),(1392,139,'カムカムレモン',900),(1393,139,'わたぱっち',100),(1394,139,'はやしスペシャル',800),(1395,139,'味噌タンメン',900),(1396,139,'蒙古タンメン',1100),(1397,139,'五目蒙古タンメン',800),(1398,139,'北極ラーメン',800),(1399,139,'冷やし五目味噌タンメン',800),(1400,140,'しょうゆラーメン',800),(1401,140,'シーザーサラダ',800),(1402,140,'カムカムレモン',600),(1403,140,'わたぱっち',900),(1404,140,'はやしスペシャル',800),(1405,140,'味噌タンメン',800),(1406,140,'蒙古タンメン',800),(1407,140,'五目蒙古タンメン',870),(1408,140,'北極ラーメン',900),(1409,140,'冷やし五目味噌タンメン',800),(1410,141,'枝豆の塩茹で',500),(1411,141,'夏野菜のピクルス',600),(1412,141,'冷やし丸茄子',700),(1413,141,'丸茄子の味噌田楽',800),(1414,141,'とうもろこしのかき揚げ',880),(1415,141,'夏野菜の天ぷら',1000),(1416,141,'いちじくと焼きナスの胡麻クリーム掛け',680),(1417,141,'とうもろこしの羽釜ご飯',1600),(1418,141,'炙り煮穴子の羽釜ご飯',2000),(1419,141,'築地産地直送の目利き鉢とれたて2人前',1600),(1420,142,'淡路牛の出汁しゃぶ',980),(1421,142,'真鯛の出汁しゃぶ',1480),(1422,142,'「ざるみせ鮮魚」お造り',1280),(1423,142,'鮮魚6点盛り',2780),(1424,142,'鱧の土釜飯',780),(1425,142,'米茄子の揚げ出し',780),(1426,142,'米茄子の二色田楽',780),(1427,142,'茄子と淡路牛の甘辛煮',800),(1428,142,'茄子の海鮮宝箱',900),(1429,142,'トウモロコシと海老のかき揚げ',870),(1430,143,'うどんすき',980),(1431,143,'美々卯風しゃぶしゃぶ',1480),(1432,143,'鱧しゃぶ',1280),(1433,143,'土産うどんすき',2780),(1434,143,'美々卯御膳',780),(1435,143,'海老天丼セット',780),(1436,143,'花湯葉',780),(1437,143,'もみじ',800),(1438,143,'かやく',900),(1439,143,'鶏南蛮',870),(1440,144,'鱧づくし',3990),(1441,144,'朴葉味噌焼きプラン',4990),(1442,144,'ひとり鱧しゃぶプラン',5990),(1443,144,'葉月',3990),(1444,144,'法事プラン',4990),(1445,144,'ランチショートコース',5990),(1446,144,'くずし松花堂',3990),(1447,144,'おまかせランチコース',3990),(1448,144,'かつ博多寿司',1000),(1449,144,'割烹女子プラン',4980),(1450,145,'特撰お造り６品盛り合わせ',3000),(1451,145,'特撰お造り４品盛り合わせ',2000),(1452,145,'子持昆布の串揚げ',700),(1453,145,'八吉のざる豆富',600),(1454,145,'お刺身くらげ',600),(1455,145,'湯葉トロのお刺身',900),(1456,145,'極上珍味へしこ鯖',900),(1457,145,'海鮮味噌和え',980),(1458,145,'豚の角煮',800),(1459,145,'鴨のたたき胡麻風味',800),(1460,146,'海老芋と豆富の揚げ出し',800),(1461,146,'築地十一屋さんの漬物',780),(1462,146,'八吉サラダ',780),(1463,146,'じゃこ豆富サラダ',800),(1464,146,'八福サラダ',800),(1465,146,'生ハムシーザーサラダ',980),(1466,146,'いかの薩摩揚げ',600),(1467,146,'\"鶏の唐揚げ彩り野菜添え\"',700),(1468,146,'薩摩揚げ四種盛り合わせ',900),(1469,146,'旬野菜の天ぷら',1500),(1470,147,'天ぷら盛り合わせ',3500),(1471,147,'北陸名産ぬかさば',1000),(1472,147,'島根県浜田名物赤てん',1000),(1473,147,'のど黒の開き干し',2500),(1474,147,'手羽先の山椒串焼き(黒七味)',3000),(1475,147,'豚の炙り焼き',890),(1476,147,'牛ロースの炙り焼き',1500),(1477,147,'仙台名物厚切り牛タン',3000),(1478,147,'ウニトースト竹炭バケット',1500),(1479,147,'フォアグラの味噌漬け炙り',2000),(1480,148,'板前さんのグラタン',1300),(1481,148,'三種のチーズの盛り合わせ',1500),(1482,148,'生ハムとサラミの盛り合わせ',1000),(1483,148,'胡麻だれ氷見うどん',1000),(1484,148,'北陸氷見うどん',1000),(1485,148,'魚介つけ麺',1000),(1486,148,'からすみ茶漬け',800),(1487,148,'鯛茶漬け',800),(1488,148,'蛸おひつめし',800),(1489,148,'海鮮なめろう御飯',1300),(1490,149,'宮崎牛と霧島黒豚の合盛り蒸篭蒸し',1500),(1491,149,'宮崎牛とたっぷり野菜の蒸篭蒸し',2000),(1492,149,'霧島黒豚とたっぷり野菜の巻きしゃぶ鍋',1300),(1493,149,'ぶり鶏のもも焼き',1500),(1494,149,'霧島鶏のもも焼き',1000),(1495,149,'霧島鶏のチキン南蛮',1000),(1496,149,'霧島黒豚バラ肉の味噌焼き',1000),(1497,149,'霧島鶏の鶏皮ポン酢',1000),(1498,149,'宮崎牛のトルティーヤ巻き',800),(1499,149,'霧島豚のアスパラ一本巻き',800),(1500,150,'宮崎牛の炙り葱まみれポン酢',1500),(1501,150,'宮崎牛の牛すじ煮',2000),(1502,150,'宮崎牛の柳川風',1300),(1503,150,'霧島黒豚と豆苗のあっさりサラダ',1500),(1504,150,'綾町のミニトマトの丸ごとおひたし',1000),(1505,150,'宮崎伝統野菜佐土原茄子の揚げ浸し',1000),(1506,150,'串間市の美味しい紅はるかのフライ',1000),(1507,150,'本日の綾町有機野菜の蒸篭蒸し',1000),(1508,150,'麦飯石で育ったしげなか農園のきのこのホイル焼き',800),(1509,150,'宮崎名物鳥皮',800),(1510,151,'上ロース',1180),(1511,151,'カルビ',880),(1512,151,'薄切りカルビ',990),(1513,151,'厚切りカルビ',1480),(1514,151,'上カルビ',2180),(1515,151,'特上カルビ',690),(1516,151,'レバ',680),(1517,151,'シマチョウ',960),(1518,151,'特上ミノ第一胃袋刺身用',550),(1519,151,'野菜盛り',650),(1520,152,'和牛焼肉食べ放題',5000),(1521,152,'和牛特上カルビ',5000),(1522,152,'黒毛和牛盛り合わせ',5000),(1523,152,'和牛霜降り赤身',5000),(1524,152,'厚切り牛タン',5000),(1525,152,'和牛赤身ステーキ',5000),(1526,152,'イチボの塊ロックステーキ',5000),(1527,152,'和牛ザブトン',5000),(1528,152,'和牛サイコロステーキ',5000),(1529,152,'和牛すき焼き肉卵にからめて',5000),(1530,153,'おまかせ大皿セット',2650),(1531,153,'おためしホルモンセット',1760),(1532,153,'塩焼きセット',3800),(1533,153,'特上セット',5800),(1534,153,'特上ハラミ',980),(1535,153,'特選厚切りタン塩',2100),(1536,153,'ホルモン',2100),(1537,153,'海鮮焼盛合',2680),(1538,153,'桜ユッケ',900),(1539,153,'キムチ各種',1950),(1540,154,'豚トロ',290),(1541,154,'豚タン',290),(1542,154,'ナンコツ',290),(1543,154,'せせり',290),(1544,154,'厚切りカルビ',290),(1545,154,'ロース',290),(1546,154,'漬けカルビ',290),(1547,154,'牛タン',390),(1548,154,'にんにく焼き',290),(1549,154,'しろころ',290),(1550,155,'極上肉の盛り合わせ',7300),(1551,155,'三種盛り合わせ',3200),(1552,155,'サンカク',1890),(1553,155,'カイノミ',1780),(1554,155,'ササミ',1890),(1555,155,'タテバラ',1680),(1556,155,'インサイド',1680),(1557,155,'カブリ',1680),(1558,155,'クリミ',1680),(1559,155,'トウガラシ',1680),(1560,156,'ミスジ',1680),(1561,156,'ザブトン',2400),(1562,156,'マンジュウ',3200),(1563,156,'カタロース',2400),(1564,156,'マキロース',2400),(1565,156,'イチボ',880),(1566,156,'ランプ',880),(1567,156,'上タン塩',880),(1568,156,'上ネギタン塩',880),(1569,156,'タン塩',880),(1570,157,'ネギタン塩',1180),(1571,157,'カルビ',950),(1572,157,'ロース',950),(1573,157,'ハラミ',1050),(1574,157,'タン塩',1050),(1575,157,'上カルビ',1480),(1576,157,'上ロース',1480),(1577,157,'上ハラミ',1480),(1578,157,'上タン塩',1480),(1579,157,'特選ロース',1980),(1580,158,'焼肉平城苑',1250),(1581,158,'平城苑カルビ',1950),(1582,158,'和牛上カルビ',3150),(1583,158,'名物ざぶすら',2400),(1584,158,'厚切り特上タン塩',2400),(1585,158,'上タン塩',3500),(1586,158,'薄切りタン塩',3500),(1587,158,'大トロ和牛の炙り握り',700),(1588,158,'チョレギサラダ',1000),(1589,158,'和牛ユッケ',1000),(1590,159,'焼肉三昧コース',3000),(1591,159,'元気もりもり焼肉食べ放題コース',2650),(1592,159,'牛カルビ',1000),(1593,159,'Bランチ',1000),(1594,159,'４種のカルビ',1000),(1595,159,'和牛ザブトン',1000),(1596,159,'和牛サイコロステーキ',800),(1597,159,'和牛すき焼き肉卵にからめて',800),(1598,159,'おまかせ大皿セット',800),(1599,159,'おためしホルモンセット',1300),(1600,160,'塩焼きセット',1000),(1601,160,'特上セット',1500),(1602,160,'特上ハラミ',1500),(1603,160,'特選厚切りタン塩',1700),(1604,160,'ホルモン',700),(1605,160,'一頭和牛盛り合わせ',5980),(1606,160,'和牛三点盛り',3980),(1607,160,'和牛五点盛り',1380),(1608,160,'牛丸本日ホルモン三点',1580),(1609,160,'角切カルビ',1580),(1610,161,'旨カツ',107),(1611,161,'揚げたて',238),(1612,161,'牛もつ煮込',356),(1613,161,'おやじ好みの玉子サラダ',270),(1614,161,'ちくわ磯辺揚げ',205),(1615,161,'塩キャベツ',205),(1616,161,'枝豆',194),(1617,161,'牛スジ',200),(1618,161,'焼きそば',290),(1619,161,'ホッケ',378),(1620,162,'鶏モモ串',147),(1621,162,'牛カルビ串',294),(1622,162,'串焼き',490),(1623,162,'シマチョウ',126),(1624,162,'オニスラ',199),(1625,162,'枝豆',294),(1626,162,'かつおのたたき',409),(1627,162,'揚げ銀杏',409),(1628,162,'ポテトフライ',409),(1629,162,'とうもろこしの天ぷら',199),(1630,163,'塩こぶキャベツ',294),(1631,163,'ビール党のどかネギサラダ',294),(1632,163,'秘密のメニュー',294),(1633,163,'もつの煮込み豆腐',357),(1634,163,'豚と豆腐のからし焼き',294),(1635,163,'あさりの酒蒸し',514),(1636,163,'昔なつかしナポリタン',514),(1637,163,'ソースやきそば',294),(1638,163,'ぶっちぎりアイス',409),(1639,163,'冷やしトマト',240),(1640,164,'辛味噌きゅうり',398),(1641,164,'水キムチ',358),(1642,164,'ゴーヤチャンプルー',298),(1643,164,'揚げ出し茄子',538),(1644,164,'にんにく丸ごと揚げ',398),(1645,164,'ズッキーニ豚巻き串',298),(1646,164,'さんまアヒージョ',298),(1647,164,'キス天ぷら',498),(1648,164,'コーンバター',358),(1649,164,'ししゃも天ぷら',298),(1650,165,'オクラお浸し',198),(1651,165,'アジフライ',258),(1652,165,'山盛りまぐろぶつ切り',498),(1653,165,'MEGAチキン',498),(1654,165,'バリバリ大根サラダ',999),(1655,165,'GIGA豚ステーキ',999),(1656,165,'特大炙りしめさば',699),(1657,165,'唐揚げ',599),(1658,165,'焼きたてのキッシュ',500),(1659,165,'野菜が美味しいプレミアム前菜10種盛り',1000),(1660,166,'ウフマヨ',1280),(1661,166,'丸ごと1個アボカドとタコのサラダ',880),(1662,166,'本日のお漬物の盛り合わせ',580),(1663,166,'\"厚焼き卵しらすおろしのせ\"',380),(1664,166,'冷奴ピリ辛ザーサイのせ',480),(1665,166,'エイヒレの炙り',480),(1666,166,'ナスの揚げ浸し',480),(1667,166,'日替わりアヒージョ',480),(1668,166,'いぶりがっこを使ったポテトサラダ',780),(1669,166,'丸ごとトマトのうま煮',580),(1670,167,'漬けカモのお刺身',680),(1671,167,'\"ピリピリこんにゃく\"',780),(1672,167,'新じゃがと豚肉のべっこう餡掛け',630),(1673,167,'牛もつの煮込み',630),(1674,167,'\"塩肉じゃが\"',630),(1675,167,'\"トマトの牛肉煮\"',630),(1676,167,'\"キャベツ炒め\"',630),(1677,167,'\"茄子の味噌炒め\"',630),(1678,167,'\"すき焼きオムレツ\"',630),(1679,167,'エイヒレ',630),(1680,168,'蓮根の和風ピザ',630),(1681,168,'鮭ハラス焼き',630),(1682,168,'鯖の燻製焼き',630),(1683,168,'出し巻き玉子',630),(1684,168,'銀鱈の西京焼き',630),(1685,168,'汲み上げ豆腐',630),(1686,168,'汲み上げ豆腐の揚げ出し',630),(1687,168,'栃尾の油揚げ',630),(1688,168,'トロ湯葉刺',630),(1689,168,'生湯葉のカニクリーム揚げ',630),(1690,169,'カリカリベーコンとほうれん草のサラダ',780),(1691,169,'新鮮野菜のシーザーサラダ',800),(1692,169,'旬香風サラダ',880),(1693,169,'ガーリックトースト',650),(1694,169,'マッシュルームと海老のアヒージョ',780),(1695,169,'季節の漬物盛り合わせ',800),(1696,169,'明太子入りだし巻きたまご大根おろし添',870),(1697,169,'ムール貝の白ワイン蒸し',480),(1698,169,'鶏たたきの柚子胡椒ポン酢',850),(1699,169,'韓国キムチ',880),(1700,170,'カシューナッツと鶏肉の炒め物',680),(1701,170,'\"枝豆\"',680),(1702,170,'チャンジャ',580),(1703,170,'冷やしトマト',480),(1704,170,'漬物盛り合わせ',680),(1705,170,'豆腐ネギ盛り',680),(1706,170,'たこわさび',580),(1707,170,'生ハムチーズの前菜',680),(1708,170,'チキン南蛮',680),(1709,170,'若鶏のからあげ',580);
/*!40000 ALTER TABLE `menus` ENABLE KEYS */;
UNLOCK TABLES;

--
-- Table structure for table `migrations`
--

DROP TABLE IF EXISTS `migrations`;
/*!40101 SET @saved_cs_client     = @@character_set_client */;
/*!40101 SET character_set_client = utf8 */;
CREATE TABLE `migrations` (
  `id` int(10) unsigned NOT NULL AUTO_INCREMENT,
  `migration` varchar(191) COLLATE utf8mb4_unicode_ci NOT NULL,
  `batch` int(11) NOT NULL,
  PRIMARY KEY (`id`)
) ENGINE=InnoDB AUTO_INCREMENT=20 DEFAULT CHARSET=utf8mb4 COLLATE=utf8mb4_unicode_ci;
/*!40101 SET character_set_client = @saved_cs_client */;

--
-- Dumping data for table `migrations`
--

LOCK TABLES `migrations` WRITE;
/*!40000 ALTER TABLE `migrations` DISABLE KEYS */;
INSERT INTO `migrations` VALUES (14,'2014_10_12_000000_create_users_table',1),(15,'2014_10_12_100000_create_password_resets_table',1),(16,'2018_07_11_104000_create_shops_table',1),(17,'2018_07_11_104549_create_items_table',2),(18,'2018_07_19_102340_create_restaurants_table',3),(19,'2018_07_19_102403_create_menus_table',3);
/*!40000 ALTER TABLE `migrations` ENABLE KEYS */;
UNLOCK TABLES;

--
-- Table structure for table `password_resets`
--

DROP TABLE IF EXISTS `password_resets`;
/*!40101 SET @saved_cs_client     = @@character_set_client */;
/*!40101 SET character_set_client = utf8 */;
CREATE TABLE `password_resets` (
  `email` varchar(191) COLLATE utf8mb4_unicode_ci NOT NULL,
  `token` varchar(191) COLLATE utf8mb4_unicode_ci NOT NULL,
  `created_at` timestamp NULL DEFAULT NULL,
  KEY `password_resets_email_index` (`email`)
) ENGINE=InnoDB DEFAULT CHARSET=utf8mb4 COLLATE=utf8mb4_unicode_ci;
/*!40101 SET character_set_client = @saved_cs_client */;

--
-- Dumping data for table `password_resets`
--

LOCK TABLES `password_resets` WRITE;
/*!40000 ALTER TABLE `password_resets` DISABLE KEYS */;
/*!40000 ALTER TABLE `password_resets` ENABLE KEYS */;
UNLOCK TABLES;

--
-- Table structure for table `restaurants`
--

DROP TABLE IF EXISTS `restaurants`;
/*!40101 SET @saved_cs_client     = @@character_set_client */;
/*!40101 SET character_set_client = utf8 */;
CREATE TABLE `restaurants` (
  `id` int(10) unsigned NOT NULL AUTO_INCREMENT,
  `name` varchar(191) COLLATE utf8mb4_unicode_ci NOT NULL,
  `address` varchar(191) COLLATE utf8mb4_unicode_ci NOT NULL,
  `openinghours` varchar(191) COLLATE utf8mb4_unicode_ci NOT NULL,
  `tel` varchar(191) COLLATE utf8mb4_unicode_ci NOT NULL,
  `lat` double(10,6) NOT NULL,
  `lng` double(10,6) NOT NULL,
  `genre` varchar(191) COLLATE utf8mb4_unicode_ci NOT NULL,
  `image_path` varchar(191) COLLATE utf8mb4_unicode_ci NOT NULL,
  PRIMARY KEY (`id`)
) ENGINE=InnoDB AUTO_INCREMENT=171 DEFAULT CHARSET=utf8mb4 COLLATE=utf8mb4_unicode_ci;
/*!40101 SET character_set_client = @saved_cs_client */;

--
-- Dumping data for table `restaurants`
--

LOCK TABLES `restaurants` WRITE;
/*!40000 ALTER TABLE `restaurants` DISABLE KEYS */;
INSERT INTO `restaurants` VALUES (1,'SanFranciscoPeaks','東京都渋谷区神宮前3-28-7','08:00-23:00','050-5594-4176',35.671799,139.709536,'アメリカン','1.jpg'),(2,'Serendipity3','東京都渋谷区神宮前4-30-3東急プラザ表参道原宿3F','11:00-21:00','050-5594-6359',35.668713,139.705981,'アメリカン','2.jpg'),(3,'T.G.I.フライデーズ','東京メトロ明治神宮前(原宿)駅徒歩3分','11:00-16:00','050-5594-6984',35.670229,139.702698,'アメリカン','3.jpg'),(4,'ザグレートバーガー','東京都渋谷区神宮前6-12-51Ｆ','11:30-23:00','03-3406-1215',35.666241,139.704650,'アメリカン','4.jpg'),(5,'テディーズビガーバーガー','東京都渋谷区神宮前6-28-5宮崎ビル','11:00-23:00','050-5594-6984',35.667294,139.704001,'アメリカン','5.jpg'),(6,'フーターズ','東京都渋谷区道玄坂2-29-5渋谷プライム','11:00-23:00','050-5571-1731',35.659527,139.698318,'アメリカン','6.jpg'),(7,'ボブズリブズ','東京都渋谷区渋谷2-11-14ステージ青山1F','16:00-24:00','050-5590-2682',35.660114,139.707193,'アメリカン','7.jpg'),(8,'肉が旨いカフェNICKSTOCK','東京都渋谷区道玄坂1-19-12道玄坂今井ビル1-2F','08:00-23:30','050-5594-6670',35.657039,139.696068,'アメリカン','8.jpg'),(9,'UNTITLED','東京都渋谷区宇田川町3-12Monostep','17:00-05:00','050-5570-7167',35.662684,139.698564,'アメリカン','9.jpg'),(10,'グロリアスチェーンカフェ','東京都渋谷区渋谷1-23-16ｃｏｃｏｔｉ','11:30-23:00','050-5869-5572',35.662053,139.702585,'アメリカン','10.jpg'),(11,'ガブリシェア','東京都渋谷区渋谷3-27-11GEMS渋谷','11:00-23:00','050-5890-6409',35.655756,139.704542,'アメリカン','11.jpg'),(12,'AlohaAmigo','東京都渋谷区神宮前5-16-13SIXHARAJUKUTERRACE','11:30-23:00','050-5571-6587',35.665930,139.706235,'アメリカン','12.jpg'),(13,'黒毛WAGYURESTAURANTHACHI','東京都港区南青山5-4-27バルビゾンビル1F','12:00-23:00','050-5593-3523',35.663564,139.712080,'アメリカン','13.jpg'),(14,'DRAEMONMEATBANK','東京都渋谷区宇田川町31-1アンニューシブヤ','12:00-22:00','050-5593-8139',35.661610,139.697637,'アメリカン','14.jpg'),(15,'TRUNKKITCHEN','東京都渋谷区神宮前5-31','07:00-23:00','050-5593-7458',35.664488,139.703967,'アメリカン','15.jpg'),(16,'37RoastBeef','東京都渋谷区神宮前4-12-10表参道ヒルズ ','11:00-15:30','03-5413-4637',35.667176,139.709042,'アメリカン','16.jpg'),(17,'cafeHohokam','東京都渋谷区神宮前3-22-14ｵﾘｯｸｽ神宮前3丁目ﾋﾞﾙB棟','11:30-23:00','050-5593-7297',35.670293,139.707392,'アメリカン','17.jpg'),(18,'UmamiBurger','東京都港区北青山3-15-5ポルトフィーノ','11:00-22:00','03-6452-6951',35.664385,139.709347,'アメリカン','18.jpg'),(19,'ザグレートバーガー','東京都渋谷区神宮前6-12-51Ｆ','11:30-23:00','03-3406-1215',35.666241,139.704650,'アメリカン','19.jpg'),(20,'#802CAFE&DINER','東京都渋谷区宇田川町28-3いちご渋谷文化村通りビル','11:45-24:00','050-5869-6582',35.660175,139.698307,'アメリカン','20.jpg'),(21,'ガイトーン','東京都渋谷区渋谷3-15-2','11:00-22:00','03-6805-1202',35.655898,139.705498,'エスニック','21.jpg'),(22,'ネパリコ','東京都渋谷区桜丘町30-18メイサ南平台','11:30-22:00','03-6416-1827',35.655816,139.698457,'エスニック','22.jpg'),(23,'TUCANO\'SChurrascariaBrasileira渋谷 ','東京都渋谷区道玄坂2-23-12フォンティスビル','11:30-23:00','050-5868-2368',35.659960,139.695964,'エスニック','23.jpg'),(24,'TEXMEXFACTORY','東京都渋谷区神南1-19-3ハイマンテン神南ビル','11:30-24:00','050-5595-4336',35.661379,139.699017,'エスニック','24.jpg'),(25,'CafeHabana','東京都渋谷区猿楽町2-11','11:30-23:00','050-5594-7252',35.653306,139.704506,'エスニック','25.jpg'),(26,'ゼストキャンティーナ渋谷','東京都渋谷区神南1-6-8神南カンパリビル','11:30-24:00','03-5489-3332',35.664429,139.699234,'エスニック','26.jpg'),(27,'エルパソ','東京都港区南青山3-2-3ダイアンクレストビルB1F','11:00-23:00','050-5869-8536',35.667988,139.717237,'エスニック','27.jpg'),(28,'AmorenAmigo','東京都港区北青山2-12-27ハレクラニ北青山','11:30-23:30','050-5593-4958',35.669677,139.715369,'エスニック','28.jpg'),(29,'ガパオ食堂','東京都渋谷区渋谷2-8-10青山ＦＭビル','11:30-23:30','050-5868-7534',35.660568,139.707432,'エスニック','29.jpg'),(30,'ティーヌン','東京都港区南青山5-1-25北村ビル','11:30-23:30','050-5593-9733',35.664631,139.712459,'エスニック','30.jpg'),(31,'ゴングル','東京都港区南青山5-9-6','11:30-23:30','050-5593-4804',35.662922,139.711822,'エスニック','31.jpg'),(32,'ルッソカフェハラジュク','東京都渋谷区神宮前3-27-17永田ビル','11:30-23:30','050-5594-3527',35.671617,139.708991,'エスニック','32.jpg'),(33,'明洞タッカルビ','東京都渋谷区道玄坂2-25-10ベニー清建ビル3Ｆ','12:00-24:00','050-5595-6361',35.660120,139.697191,'エスニック','33.jpg'),(34,'韓国亭豚や','東京都渋谷区宇田川町33-12 J+RビルサイドR','11:30-04:00','050-5593-9077',35.660748,139.697105,'エスニック','34.jpg'),(35,'七宝麻辣湯','東京都渋谷区桜丘町15-18北沢ビル','11:30-23:00','03-3780-0066',35.656090,139.701752,'エスニック','35.jpg'),(36,'かにチャーハンの店','東京都渋谷区宇田川町31-4 篠田ビル','11:30-23:00','03-5784-2443',35.661341,139.697706,'エスニック','36.jpg'),(37,'DRAEMONPANCHOS','東京都渋谷区道玄坂2-10-12新大宗ビル3号館','17:00-24:00','03-6427-8393',35.656598,139.702534,'エスニック','37.jpg'),(38,'Spanish&Italianbarumuse','東京都渋谷区宇田川町11-1柳光ビル別館2F','18:00-24:00','050-5571-6463',35.662630,139.697300,'エスニック','38.jpg'),(39,'THERIGOLETTO','東京都渋谷区渋谷1-23-21渋谷キャストGF1F','11:30-26:00 ','03-6631-1129',35.662597,139.702849,'エスニック','39.jpg'),(40,'マドリード','東京都渋谷区道玄坂1-11-3 フォースワンビル','17:30-23:30','050-5570-6753',35.657661,139.698855,'エスニック','40.jpg'),(41,'GuzmanyGomez','東京都渋谷区神南1-11-3 第二大外ビル ','11:00-22:00 ','050-5595-2230',35.664894,139.701265,'ファストフード','41.jpg'),(42,'松屋','東京都渋谷区宇田川町26-9 メトロビル','24/7','03-5489-7401',35.660156,139.698885,'ファストフード','42.jpg'),(43,'サブウェイ','東京都港区北青山3-5-25','7:00-22:00','03-3402-4338',35.665899,139.712333,'ファストフード','43.jpg'),(44,'はなまるうどん',' 東京都渋谷区神宮前1-16-6 原宿77ビルB1','10:00-22:00','03-3402-0870',35.671100,139.704640,'ファストフード','44.jpg'),(45,'マクドナルド','東京都渋谷区神南1-23-13','05:00-10:30','03-3496-4677',35.660197,139.700973,'ファストフード','45.jpg'),(46,'ファーストキッチン・ウェンディーズ','東京都渋谷区宇田川町26-11','05:00-01:00','03-3476-5881',35.660114,139.699120,'ファストフード','46.jpg'),(47,'バーガーキング','渋谷区宇田川町25-5センタービル','24/7','03-5489-5761',35.660386,139.698923,'ファストフード','47.jpg'),(48,'モスカフェ','東京都渋谷区神宮前４丁目１１-６','07:00-11:00','03-5785-1407',35.666633,139.710081,'ファストフード','48.jpg'),(49,'タコベル','東京都港区南青山5-10-1','07：30-22：00','03-6427-6234',35.662783,139.711003,'ファストフード','49.jpg'),(50,'ケンタッキーフライドチキン','〒107-0061東京都港区北青山3-10-7','10：00-22：00','03-5468-7087',35.664111,139.711136,'ファストフード','50.jpg'),(51,'パンとエスプレッソと','〒150-0001東京都渋谷区神宮前3-4-9','08：00-20：00','03-5410-2040',35.668882,139.712700,'カフェ','51.jpg'),(52,'ALFREDTEAROOM','〒150-0001東京都渋谷区神宮前5-51-8','09：00-21：00','03-6427-3031',35.662894,139.709467,'カフェ','52.jpg'),(53,'ELLEcafeAOYAMA','〒150-0001東京都神宮前5-51-8','11：00-21：00','03-6451-1996',35.662894,139.709467,'カフェ','53.jpg'),(54,'BlueBottleCoffeeAoyamaCafe','〒107-0062東京都港区南青山3-13-14','10：00-21：00','非公開',35.665216,139.713886,'カフェ','54.jpg'),(55,'crisscross','〒107-0062東京都港区南青山5-7-28','08：00-22：00','03-6434-1266',35.662941,139.712597,'カフェ','55.jpg'),(56,'ANNIVERSAIRECAFE&RESTAURANT ','〒107-0061東京都港区北青山3-5-30','09：00-22：00','03-5411-5988',35.666280,139.711364,'カフェ','56.jpg'),(57,'UrthCaffe ','〒150-0001東京都渋谷区神宮前4-9-8','10：00-20：00','03-6447-4771',35.667530,139.710725,'カフェ','57.jpg'),(58,'FRANZE&EVANSLONDON ','〒150-0001東京都渋谷区神宮前4-9-41F','09：00-21：00','03-5413-3926',35.667460,139.710978,'カフェ','58.jpg'),(59,'CLINTONST.BAKINGTOKYO','〒107-0062東京都港区南青山5-17-1','08：00-21：00','03-6450-5944',35.660986,139.714511,'カフェ','59.jpg'),(60,'Starbucks','〒107-0062東京都港区南青山5-9-15','11：00-20：00','非公開',35.663002,139.711369,'カフェ','60.jpg'),(61,'スターバックス東急プラザ表参道原宿店','〒150-0001東京都渋谷区神宮前4丁目30-3東急プラザ表参道原宿','08:30-23:00','03-5414-5851',35.668713,139.705981,'カフェ','61.jpg'),(62,'スターバックスコーヒー表参道B-SIDE店','〒150-0001渋谷区神宮前5-11-2','08:30-23:00','03-3797-6821',35.666999,139.706714,'カフェ','62.jpg'),(63,'スターバックスコーヒー神宮前6丁目店','〒150-0001東京都渋谷区神宮前６丁目１７−11ＪＰＲ原宿ビル','07:00~22:00','03-5766-5477',35.665492,139.703395,'カフェ','63.jpg'),(64,'スターバックスコーヒー渋谷公園通り店','〒150-0041東京都渋谷区神南１丁目７渋谷区神南1-7-5渋谷公園通り','07:00~22:00','03-5458-2610',35.664555,139.698840,'カフェ','64.jpg'),(65,'スターバックスコーヒー渋谷モディ店','〒150-0041東京都渋谷区神南1−21−3','08:30-23:00','03-4336-8240',35.661641,139.700487,'カフェ','65.jpg'),(66,'スターバックスコーヒー渋谷ファイヤー通り店','〒150-0041東京都渋谷区神南1−12−10','07:30-23:00','03-5728-6285',35.663452,139.700940,'カフェ','66.jpg'),(67,'スターバックスコーヒー原宿店','〒150-0001東京都渋谷区神宮前１丁目８−6玉上ビル1F','07:30-23:00','03-5413-0330',35.670123,139.706425,'カフェ','67.jpg'),(68,'スターバックスコーヒーアクセス表参道店','〒107-0061東京都港区北青山３丁目６港区北青山3-6-17アクセス表参道ビル','07:30-23:00','03-5466-2510',35.664687,139.711794,'カフェ','68.jpg'),(69,'スターバックスコーヒーアコルデ代々木上原店','〒151-0066東京都渋谷区西原３丁目８渋谷区西原3-8-5アコルデ代々木上原','07:00~22:00','03-5452-1060',35.669439,139.680595,'カフェ','69.jpg'),(70,'サンマルクカフェ渋谷道玄坂店','〒150-0043東京都渋谷区道玄坂２丁目２９東京都渋谷区道玄坂2丁目29−8','07:30～23:00','03-5784-3091',35.659655,139.698373,'カフェ','70.jpg'),(71,'BEE-HOUSE','〒150-0043東京都渋谷区道玄坂1-5-2SEDEビルB1F','08:00-22:20','050-5269-7415',35.658047,139.699524,'イタリアン','71.jpg'),(72,'OsteriaUrara','〒150-0033東京都渋谷区猿楽町１−３ユガテビル1F2F','08:00-22:20','050-5269-7238',35.653532,139.705234,'イタリアン','72.jpg'),(73,'ANTIVINO','〒150-0011東京都渋谷区東１丁目１４−１３サンフローラハイツ1F','08:00-22:20','03-5466-1030',35.656421,139.707552,'イタリアン','73.jpg'),(74,'イルリトローボ','〒150-0042東京都渋谷区宇田川町３１−１ヒューリックアンニュー・シブヤ','08:00-22:20','050-5593-8597',35.661565,139.697639,'イタリアン','74.jpg'),(75,'LA-BISBOCCIA','〒150-0013東京都渋谷区恵比寿２丁目３６−１３','08:00-22:20','03-3449-1470',35.645735,139.722524,'イタリアン','75.jpg'),(76,'ラ・ソフィッタ','〒150-0042東京都渋谷区宇田川町16-122F','08:00-22:20','03-3496-5003',35.661136,139.698943,'イタリアン','76.jpg'),(77,'ブラチェリア-デリツィオーゾ-イタリア','〒150-0013東京都渋谷区恵比寿４丁目２７−１７ルピナス恵比寿','08:00-22:20','03-3440-5510',35.645589,139.715053,'イタリアン','77.jpg'),(78,'Bistrot-La-Cucina','〒150-0042東京都渋谷区宇田川町３２−６地下1階','08:00-22:20','050-3313-3782',35.661040,139.697181,'イタリアン','78.jpg'),(79,'リストランテ-イル-ブッテロ','〒150-0012東京都渋谷区広尾５丁目１３−３','11:00-21:00','03-3445-9545',35.649913,139.721180,'イタリアン','79.jpg'),(80,'ボガマリ-クチーナ-マリナーラ','〒151-0051東京都渋谷区千駄ヶ谷４−７−５','11:00-21:00','03-6721-1858',35.679672,139.705303,'イタリアン','80.jpg'),(81,'タロス','〒150-0043東京都渋谷区1−5−2渋谷SEDEビル1F','11:00-21:00','03-3464-8511',35.658047,139.699529,'イタリアン','81.jpg'),(82,'レベッカ','〒150-0043東京都渋谷区道玄坂２丁目３−２','11:00-21:00','03-6809-0455',35.659150,139.699954,'イタリアン','82.jpg'),(83,'表参道bamboo','〒150-0001東京都渋谷区神宮前５丁目８番8号','11:00-21:00','03-3407-8427',35.666619,139.708045,'イタリアン','83.jpg'),(84,'BIANCA','〒150-0001東京都渋谷区神宮前５丁目１０−１GYRE4F','11:00-21:00','03-6418-6771',35.667385,139.706903,'イタリアン','84.jpg'),(85,'トラットリア-オゼール','〒150-0001東京都渋谷区神宮前５丁目５０−１','11:00-21:00','03-3409-9454',35.663336,139.709731,'イタリアン','85.jpg'),(86,'LATURE','〒150-0002東京都渋谷区渋谷2-2-2青山ルカビルB１','11:00-21:00','03-6450-5297',35.660762,139.708599,'フレンチ','86.jpg'),(87,'アバスク','〒150-0002東京都渋谷区２丁目１２−１１−1F松下ビル','11:00-21:00','03-5468-8908',35.658672,139.708364,'フレンチ','87.jpg'),(88,'シルク','〒107-0062東京都港区南青山５丁目１６−５','11:00-21:00','03-6418-1199',35.660833,139.714178,'フレンチ','88.jpg'),(89,'ロアラブッシュ','〒150-0002東京都渋谷区渋谷４丁目２−９','11:00-21:00','03-3499-1999',35.659264,139.712794,'フレンチ','89.jpg'),(90,'ローブリュー','〒107-0062東京都港区南青山６−８−１８','11:00-21:00','03-3498-1314',35.660103,139.716491,'フレンチ','90.jpg'),(91,'ピニョン','〒150-0047東京都渋谷区神山町１６−３','11:00-21:00','03-3468-2331',35.663307,139.693974,'フレンチ','91.jpg'),(92,'ダム-ジャンヌ','〒150-0044東京都渋谷区円山町２３−４','11:00-21:00','03-3496-2755',35.656967,139.693843,'フレンチ','92.jpg'),(93,'ビストロ-ヴァンテオ','〒150-0042東京都渋谷区道玄坂1-14-9ソシアル道玄坂101','11:00-21:00','03-3463-9331',35.657305,139.698058,'フレンチ','93.jpg'),(94,'クーカーニョ','〒150-8512東京都渋谷区桜丘町２６−１セルリアンタワー東急ホテル','11:00-21:00','03-3476-3404',35.656325,139.699608,'フレンチ','94.jpg'),(95,'ビストロワインバーモナトリエ','〒150-0002東京都渋谷区渋谷１丁目１０−１２','11:00-21:00','03-6427-4611',35.660694,139.704742,'フレンチ','95.jpg'),(96,'六兵衛鮨','〒150-0002東京都渋谷区渋谷1丁目16−14渋谷地下鉄ビルメトロプラザ2F','11:00-21:00','03-3406-0951',35.660433,139.701993,'寿司','96.jpg'),(97,'とみ田','〒107-0061東京都港区北青山３丁目６−２１青山岡田ビルB1F','11:00-21:00','03-6805-1018',35.664282,139.711334,'寿司','97.jpg'),(98,'鮨ます田','〒107-0062東京都港区南青山５−８−１１ＢＣ南青山ＰＲＯＰＥＲＴＹ','11:00-21:00','03-6418-1334',35.662596,139.711984,'寿司','98.jpg'),(99,'すし昂','〒107-0062東京都港区南青山５丁目１３−１','11:00-21:00','03-3797-1484',35.661330,139.713725,'寿司','99.jpg'),(100,'武蔵','〒107-0062東京都港区南青山５丁目１８−１０','11:00-21:00','03-5464-3634',35.660153,139.713869,'寿司','100.jpg'),(101,'すし善','〒150-0002東京都渋谷区渋谷2丁目12−11渋谷KKビル1F','11:00-21:00','03-5485-8088',35.658658,139.708390,'寿司','101.jpg'),(102,'さなか青山店','〒150-0001東京都渋谷区神宮前６−１４−１','11:00-21:00','03-3498-3750',35.666088,139.705481,'寿司','102.jpg'),(103,'鮨たけ江','〒150-0001東京都渋谷区神宮前２丁目３１−７ビラグロリアB1F','11:00-21:00','03-5771-2705',35.673043,139.709342,'寿司','103.jpg'),(104,'鮨臼井','〒107-0061東京都港区北青山３丁目２−１０アオイビル1F','11:00-21:00','03-5785-4464',35.669121,139.715205,'寿司','104.jpg'),(105,'鮨やじま','〒150-0011東京都渋谷区東１丁目２６−３１','11:00-21:00','03-3499-6019',35.655575,139.706928,'寿司','105.jpg'),(106,'TWOROOMS','〒107-0061東京都港区北青山３丁目１１−７AOビル','18:00-26:00','03-3498-0002',35.663812,139.710655,'バー','106.jpg'),(107,'黒い月','〒107-0062東京都港区南青山５丁目８−１１BC南青山B2F','18:00-26:00','03-3498-2089',35.662969,139.712961,'バー','107.jpg'),(108,'BACKYARD','〒107-0062東京都港区南青山６丁目３−１６ライカビル','18:00-26:00','03-5485-0790',35.661214,139.716230,'バー','108.jpg'),(109,'Legacy','〒150-0002２２−１１,３丁目渋谷渋谷区東京都150-0002','18:00-26:00','03-6427-2122',35.655809,139.705015,'バー','109.jpg'),(110,'八月の鯨','〒150-0042東京都渋谷区宇田川町２８−１３','18:00-26:00','03-3476-7238',35.660511,139.698157,'バー','110.jpg'),(111,'BAR-Nights','〒150-0044東京都渋谷区円山町６−１三長旧館2階','18:00-26:00','050-3412-0150',35.657609,139.694949,'バー','111.jpg'),(112,'モッホ','〒150-0001東京都渋谷区神宮前３丁目２２−１３','18:00-26:00','03-6447-2339',35.670468,139.707339,'バー','112.jpg'),(113,'PR-BAR','〒107-0061東京都港区北青山２丁目１２−３５タートルストーン青山ビルBF1','18:00-26:00','03-6434-5727',35.670249,139.714497,'バー','113.jpg'),(114,'バー-ラジオ','〒107-0062東京都港区南青山３丁目１０−３４','18:00-26:00','03-3402-2668',35.665919,139.714636,'バー','114.jpg'),(115,'Rybeus','〒107-0062東京都港区南青山５丁目１０−８アナーブルB1','18:00-26:00','03-3797-6612',35.662969,139.712961,'バー','115.jpg'),(116,'ワインバー繭','〒150-0047東京都渋谷区神山町４０−３神山ビルB1','18:00-26:00','03-5453-0301',35.664887,139.692833,'バー','116.jpg'),(117,'Bar-foxy','〒150-0043東京都渋谷区道玄坂２丁目２５−７プラザ道玄坂5F','18:00-26:00','03-5458-8745',35.660274,139.696702,'バー','117.jpg'),(118,'ＢＡＲイリエ','〒150-0043東京都渋谷区道玄坂１丁目６−１FiveBldg','18:00-26:00','03-3461-2390',35.657983,139.698929,'バー','118.jpg'),(119,'Geranium','〒150-0043東京都渋谷区道玄坂２丁目６−１１4F','18:00-26:00','03-6455-3435',35.658775,139.698487,'バー','119.jpg'),(120,'石の華','〒150-0002東京都渋谷区渋谷3−６−２第2矢木ビル','18:00-26:00','03-5485-8405',35.657772,139.704979,'バー','120.jpg'),(121,'九月堂','〒150-0041東京都渋谷区神南１丁目１５−１２佐藤ビル','11:00-23:00','03-6327-4056',35.663880,139.699387,'ラーメン','121.jpg'),(122,'横浜家系ラーメン町田商店 ','〒150-0042東京都渋谷区宇田川町１１−６渋谷宇田川ＫＫビル','11:00-23:00','03-6416-5664',35.662340,139.697422,'ラーメン','122.jpg'),(123,'らーめん風来居','〒150-0046東京都渋谷区松濤１丁目２９−2','11:00-23:00','03-3463-1008',35.659984,139.695127,'ラーメン','123.jpg'),(124,'大島ラーメン','〒150-0043東京都渋谷区道玄坂１丁目１７−２新大宗ソシアルビル','11:00-23:00','03-3780-5758',35.657567,139.699334,'ラーメン','124.jpg'),(125,'らーめんはやし','〒150-0043東京都渋谷区道玄坂１丁目１４道玄坂１丁目１４−９ソシアル道玄坂','11:00-23:00','03-3770-9029',35.657297,139.698015,'ラーメン','125.jpg'),(126,'蒙古タンメン中本 ','〒150-0043東京都渋谷区道玄坂２丁目６−17','11:00-23:00','03-3462-1236',35.659175,139.698988,'ラーメン','126.jpg'),(127,'真武咲弥','〒150-0043東京都渋谷区道玄坂２丁目１０番３号','11:00-23:00','03-6416-3778',35.657859,139.696608,'ラーメン','127.jpg'),(128,'ラーメン凪豚王 ','〒150-0011東京都渋谷区東１丁目３−１','11:00-23:00','03-3499-0390',35.657646,139.708199,'ラーメン','128.jpg'),(129,'とんこつラーメン博多風龍','〒150-0043東京都渋谷区道玄坂２丁目８−8','11:00-23:00','03-5458-9255',35.658529,139.698465,'ラーメン','129.jpg'),(130,'喜多方ラーメン小法師','〒150-0002東京都渋谷区渋谷３丁目１５渋谷３丁目１５−６並木橋ビル１Ｆ','11:00-23:00','03-3406-0031',35.655386,139.706173,'ラーメン','130.jpg'),(131,'俺流塩らーめん','〒150-0001東京都渋谷区神宮前６丁目９神宮前６丁目９−１４','11:00-23:00','03-3486-0255',35.656127,139.695486,'ラーメン','131.jpg'),(132,'らーめん山頭火','〒150-0001東京都渋谷区神宮前６丁目１−6角田ビル1F','11:00-23:00','03-5464-5521',35.655631,139.706421,'ラーメン','132.jpg'),(133,'光麺','〒150-0001東京都渋谷区神宮前６丁目２−8','11:00-23:00','03-5468-6344',35.667752,139.706175,'ラーメン','133.jpg'),(134,'一蘭','〒150-0001東京都渋谷区神宮前６丁目５神宮前６丁目５−６サンポウ綜合ビル2F','11:00-23:00','03-3407-5911',35.661128,139.700985,'ラーメン','134.jpg'),(135,'らーめんダイニングJinGu','〒150-0001東京都渋谷区神宮前４丁目３２−5','11:00-21:00','03-6434-9910',35.669408,139.706894,'ラーメン','135.jpg'),(136,'昭和軒','〒150-0001東京都渋谷区神宮前３丁目２２−12田ビル1F','11:00-21:00','03-3401-6732',35.670511,139.707244,'ラーメン','136.jpg'),(137,'壱角家','〒150-0001東京都渋谷区神宮前３丁目２３−8小嶋ビル','11:00-21:00','03-3401-6732',35.658880,139.698090,'ラーメン','137.jpg'),(138,'一hajime','〒150-0001東京都渋谷区神宮前３丁目３−23-1NODERABLDG','11:00-21:00','03-3479-2592',35.670840,139.707383,'ラーメン','138.jpg'),(139,'七志','〒150-0043東京都渋谷区道玄坂２丁目９渋谷区道玄坂２丁目９−１０','11:00-21:00','03-3464-7740',35.658880,139.698090,'ラーメン','139.jpg'),(140,'熊本桂花ラーメン','〒150-0042東京都渋谷区宇田川町２７−1','11:00-21:00','03-3462-5231',35.660204,139.698712,'ラーメン','140.jpg'),(141,'小割烹おはし渋谷','〒150-0002東京都渋谷区渋谷１丁目１２−1カレイド渋谷宮益坂','11:00-17:00','03-5766-1955',35.660353,139.703214,'和食','141.jpg'),(142,'だしや渋谷宮益坂店','〒150-0002東京都渋谷区渋谷１丁目１４−１森ビル','11:00-21:00','050-7542-4326',35.660122,139.702595,'和食','142.jpg'),(143,'美々卯シブヤ西武店','〒150-0042東京都渋谷区宇田川町２１−1','11:00-21:00','03-3476-1216',35.660251,139.700106,'和食','143.jpg'),(144,'山城屋庄藏','〒150-0043東京都渋谷区道玄坂２丁目６道玄坂２丁目6-42Ｆ','11:00-21:00','03-3461-9015',35.658947,139.699361,'和食','144.jpg'),(145,'八吉','〒150-0043東京都渋谷区道玄坂１丁目７−1第一渋観ビル1F','11:00-21:00','03-3463-6088',35.658025,139.699907,'和食','145.jpg'),(146,'食幹渋谷店','〒150-0002東京都渋谷区渋谷３丁目５渋谷３丁目３−５−５HAKKAビルB1','11:00-21:00','03-3797-1911',35.658000,139.706974,'和食','146.jpg'),(147,'雷庵','1階,渋谷董友ビルａｎｎｅｘ１丁目-４-13渋谷渋谷区東京都150-0002','11:00-21:00','03-5778-3379',35.661272,139.704667,'和食','147.jpg'),(148,'穏田一甫','〒150-0001東京都渋谷区神宮前６丁目８−7B1','11:00-21:00','03-3406-0891',35.667086,139.705627,'和食','148.jpg'),(149,'宮崎料理万作渋谷ヒカリエ店','〒150-0002東京都渋谷区渋谷２丁目２１−1渋谷ヒカリエ','11:00-21:00','050-5269-7007',35.658965,139.703782,'和食','149.jpg'),(150,'道玄坂漁','〒150-0043東京都渋谷区道玄坂１丁目６−6-5九鬼ビル1F','11:00-21:00','03-6809-0991',35.657710,139.699269,'和食','150.jpg'),(151,'焼肉ダイニング太樹苑渋谷店','〒150-0002東京都渋谷区渋谷１丁目１２渋谷1丁目12-1カレイド渋谷宮益坂4F','11:00-21:00','03-6418-1129',35.660324,139.703219,'焼肉','151.jpg'),(152,'肉屋の台所宮益坂ミート','〒150-0002東京都渋谷区渋谷１丁目２５渋谷区１丁目２５−６渋谷パークサイド共同ビル5F','11:00-21:00','050-3542-6695',35.659660,139.701486,'焼肉','152.jpg'),(153,'渋谷焼肉ばりばり亭','〒150-0002東京都渋谷区渋谷１丁目２４渋谷１−２４−２朱ビルB1','11:00-21:00','050-3477-2004',35.660992,139.702062,'焼肉','153.jpg'),(154,'焼肉市場げんかや','〒150-0042東京都渋谷区宇田川町３０宇田川町３０−３アトラス渋谷ビル','11:00-21:00','03-3780-8026',35.527845,139.612385,'焼肉','154.jpg'),(155,'神戸焼肉かんてき','〒150-0043東京都渋谷区道玄坂2−７−6','18:00-24:00','03-3461-1029',35.658701,139.698683,'焼肉','155.jpg'),(156,'韓の台所別邸','〒150-0043東京都渋谷区道玄坂２丁目２丁目29-8','11:00-21:00','03-5489-7655',35.659245,139.697874,'焼肉','156.jpg'),(157,'金剛園渋谷焼肉','〒150-0043東京都渋谷区道玄坂２丁目２−25-7プラザ道玄坂2F','11:00-21:00','03-6416-0297',35.660311,139.696707,'焼肉','157.jpg'),(158,'焼肉平城苑','〒150-0042東京都渋谷区宇田川町３３−１３楠原ビル3F','11:00-21:00','03-5784-2977',35.594359,139.350234,'焼肉','158.jpg'),(159,'焼肉処百えん屋渋谷道玄坂店','〒150-0043東京都渋谷区道玄坂２丁目２８−5道玄坂SUNJビル','11:00-21:00','03-5456-2929',35.658975,139.697290,'焼肉','159.jpg'),(160,'松坂和牛焼肉食べ放題牛丸','〒150-0042東京都渋谷区宇田川町３０−５渋谷ＪＯＷビル８F','17:00-24:00','050-3467-4876',35.660915,139.697968,'焼肉','160.jpg'),(161,'一軒め酒場','〒150-0042東京都渋谷区宇田川町２５−5センタービル','17:00-24:00','03-3461-3118',35.660383,139.698935,'居酒屋','161.jpg'),(162,'ぶっちぎり酒場渋谷スペイン坂店','〒150-0042東京都渋谷区宇田川町１３−13-7','17:00-24:00','03-5728-4139',35.660958,139.698707,'居酒屋','162.jpg'),(163,'テング酒場渋谷センター店','〒150-0042東京都渋谷区宇田川町２５−3プリンスビル','17:00-24:00','03-3496-7397',35.660279,139.699203,'居酒屋','163.jpg'),(164,'居酒屋一休渋谷店','〒150-0042東京都渋谷区宇田川町13−８ちとせ会館','17:00-24:00','03-3780-1939',35.661236,139.698537,'居酒屋','164.jpg'),(165,'創作居酒屋渋谷栖 ','〒150-0043東京都渋谷区道玄坂２丁目２５−10ベニー清建ビル','17:00-24:00','03-6868-3941',35.660272,139.697146,'居酒屋','165.jpg'),(166,'チョウチン原宿','〒150-0001東京都渋谷区神宮前４丁目２９−９スクエアー神宮前ビル2F3F','17:00-24:00','03-5411-7427',35.668447,139.706573,'居酒屋','166.jpg'),(167,'ほの字原宿店','〒150-0001東京都渋谷区神宮前５丁目１０−1ジャイル4F','17:00-24:00','03-5778-9103',35.667380,139.706906,'居酒屋','167.jpg'),(168,'揚旬原宿店','〒150-0001東京都渋谷区神宮前４丁目３１神宮前4-31-11原宿TKビル2F','17:00-24:00','050-7300-1036',35.669303,139.706262,'居酒屋','168.jpg'),(169,'デルソーレ','〒150-0043東京都渋谷区道玄坂２丁目２８−2MMビル','17:00-24:00','03-6868-3828',36.469641,139.108315,'居酒屋','169.jpg'),(170,'個室和風ダイニング桂','〒150-0002東京都渋谷区渋谷１丁目１４−１３第２小林ビル','17:00-24:00','050-3462-1532',35.659821,139.702765,'居酒屋','170.jpg');
/*!40000 ALTER TABLE `restaurants` ENABLE KEYS */;
UNLOCK TABLES;

--
-- Table structure for table `shops`
--

DROP TABLE IF EXISTS `shops`;
/*!40101 SET @saved_cs_client     = @@character_set_client */;
/*!40101 SET character_set_client = utf8 */;
CREATE TABLE `shops` (
  `id` int(10) unsigned NOT NULL AUTO_INCREMENT,
  `shopname` varchar(191) COLLATE utf8mb4_unicode_ci NOT NULL,
  `address` varchar(191) COLLATE utf8mb4_unicode_ci NOT NULL,
  `openinghours` varchar(191) COLLATE utf8mb4_unicode_ci NOT NULL,
  `tel` varchar(191) COLLATE utf8mb4_unicode_ci NOT NULL,
  `lat` double(10,6) NOT NULL,
  `lng` double(10,6) NOT NULL,
  `description` varchar(191) COLLATE utf8mb4_unicode_ci NOT NULL,
  PRIMARY KEY (`id`)
) ENGINE=InnoDB AUTO_INCREMENT=102 DEFAULT CHARSET=utf8mb4 COLLATE=utf8mb4_unicode_ci;
/*!40101 SET character_set_client = @saved_cs_client */;

--
-- Dumping data for table `shops`
--

LOCK TABLES `shops` WRITE;
/*!40000 ALTER TABLE `shops` DISABLE KEYS */;
INSERT INTO `shops` VALUES (1,'GUCCI','〒1070061東京都港区北青山3丁目6−7','11AM–8PM','0354691911',35.665383,139.711200,'イタリア発祥の有名ブランド。クラシカルと奇抜なデザインの融合が若者に人気'),(2,'Coach','〒1070061東京都港区北青山3丁目6−1oakomotesando','11AM–8PM','0354687121',35.665693,139.710684,'ニューヨーク発祥の高級革ブランド。現在はハンドバッグや財布、パスケースなどが人気'),(3,'TOD\'S','〒1500001東京都渋谷区神宮前5丁目1−5トッズ表参道ビル','11AM–8PM','0364192055',35.665949,139.710137,'イタリアの靴、バッグ製造会社。足元を涼しく華やかにしてくれるアイテムが豊富'),(4,'バーバリー表参道','〒1500001東京都渋谷区神宮前5丁目2−29','11AM–8PM','0357787891',35.666319,139.709525,'イギリスを代表するブランド。長年変わらないクラシカルで洗練されたデザインが特徴的'),(5,'LouisVuittonOmotesandoStore','〒1500001東京都渋谷区神宮前5丁目75','11AM–8PM','0357787891',35.666558,139.709072,'フランス発祥ブランド。高級感あるアイテムは海外セレブにも大人気。AM々有名ブランドとコラボし斬新なアイテムを出す'),(6,'Dior','1F/2F,5911,Tokyo,5丁目9神宮前渋谷区東京都1500001','11AM–8PM','0354646260',35.667318,139.707275,'フランス発祥ブランド。オートクチュール（高級注文服）、服飾、バッグ、革製品、宝飾品・時計、コスメ・香水と、その展開分野は幅広い'),(7,'シャネル表参道','東京都渋谷区神宮前5101,Tokyo,Tōkyō1500001','11:30AM–8PM','0364180630',35.667380,139.706906,'フランスを代表するコスメからレザーアイテムまでを取り扱う長年愛されているハイブランド'),(8,'Givenchy','ONEOmotesando,3529Kitaaoyama,Tokyo,1070061','11AM–8PM','0334040360',35.665874,139.711761,'フランス発祥のブランド。服飾、装飾品、香水および化粧品などのファッション用品を展開'),(9,'TommyHilfiger','〒1500001Tokyo,Shibuya,Jingumae,4Chome−30−3東急プラザ表参道原宿B1F、1F、2F','11AM–9PM','0363651985',35.668713,139.705981,'トミーヒルフィガーのクラシックなスポーツウェアやアクセサリーを扱うチェーン店。一部の店舗では子供服も販売'),(10,'アーバンリサーチ','〒1500001東京都渋谷区神宮前41210','11AM–9PM','0367211683',35.666964,139.709266,'カジュアルからビジネスアイテムまでラインナップが豊富な人気ブランド'),(11,'Céline','3529,北青山港区東京都1070061','11AM–8PM','0357714801',35.665863,139.711736,'フランス発祥の有名ブランド。服飾、バッグ、革製品、宝飾品・時計、コスメ・香水と、その展開分野は幅広い'),(12,'TedBakerTokyoOmotesando','TedBakerTokyoOmotesando','11AM–8PM','0364471755',35.666280,139.711364,'イギリス発祥のブランド。女性らしいデザインが年齢層問わず人気'),(13,'SaintLaurent','神宮前4310,4Chome3Jingūmae,渋谷区,Tokyo1500001','11AM–8PM','0368639898',35.666480,139.710330,'フランス発祥のブランド。服飾、バッグ、革製品、宝飾品・時計、コスメ・香水と、その展開分野は幅広い'),(14,'マイケルコース','〒1500001Tokyo,Shibuya,Jingumae,4Chome−11−61500001丁目','11AM–8PM','0357725325',35.666633,139.710081,'ハイブランドの中でもお求めやすい価格で上質なレザーアイテムを提供する20代に人気のアメリカのブランド'),(15,'ジャーナルスタンダードレリューム　表参道店','〒1500001東京都渋谷区神宮前4丁目26−18','11AM–8PM','0364380401',35.668160,139.706797,'ジャーナルスタンダードの姉妹店。カジュアルで上質な服やアクセサリーを提供する'),(16,'alice+olivia','〒1500001東京都渋谷区神宮前6丁目2−9','11AM–8PM','0334860502',35.667821,139.706286,'毎日のすべての出来事に対してオプションを提供しようと、装飾された生地、ユニークで気まぐれなプリント、そして究極のフィットを完璧にミックスしコレクションを作り上げている'),(17,'スノーピーク表参道','6Chome26Jingumae,渋谷区Tokyo1500001','11AM–8PM','0368051452',35.667607,139.706036,'厳しい自然での検証に裏打ちされたハイスペックな製品群を提供するキャンプ・登山・アパレルを中心としたアウトドアブランド'),(18,'ユナイテッドアローズ原宿本店','〒1500001東京都渋谷区神宮前2丁目31−12','12AM–8PM','0334798176',35.672440,139.708822,'衣類や小物などを販売するセレクトショップ'),(19,'ポール・スチュアート','〒1500001Tōkyōto,Shibuyaku,Jingūmae,5Chome−720,神宮前太田ビル','11AM–8PM','0334068121',35.666718,139.708549,'スーツなどフォーマルにも使えるダンディな男を目指す男性にポピュラーなイギリスのブランド'),(20,'H&M原宿店','〒1500001東京都渋谷区神宮前1810','10AM–9PM','0120866201',35.669593,139.705931,'お求め安い価格が人気のスウェーデン発祥のファストファッション'),(21,'Volcom','東京都渋谷区神宮前6丁目31−15','11AM–8PM','0334093500',35.668777,139.704106,'スケーターカルチャーにインスパイアされたLAファッション'),(22,'SupremeHarajuku','〒1500001東京都渋谷区神宮前4丁目32−7','11AM–8PM','0357710090',35.669254,139.706672,'限定アイテムが出ると毎週店の前に行列ができる人気ブランド'),(23,'Settimissimo ','東京都渋谷区神宮前6丁目3−7山岡ビルB1F','11AM–8PM','0364193307',35.668091,139.705717,'流行を押さえつつ人と差をつけたい個性派アイテムを展開。イタリア在住バイヤーのセレクトアイテムやオリジナルアイテムでワンランク上のおしゃれを'),(24,'ロンシャン表参道店','〒1500001東京都渋谷区神宮前4丁目30−4','11AM–8PM','0334055100',35.668438,139.706053,'日本の折り紙にインスパイアされたという折りたためるトートバッグが人気。上質な革を使ったアイテムを取り扱うハイブランド'),(25,'EATMEHarajukuHonten','〒1500001東京都渋谷区神宮前6−610','11AM–8PM','0334865128',35.667807,139.705645,'日本のかわいいカルチャーを取り入れたブランド'),(26,'ZARA','〒1500001Tokyo,渋谷区神宮前63117','11AM–9PM','0354642100',35.668682,139.704398,'最新の流行を取り入れた自社ブランドの洋服、靴、アクセサリーを販売するスペインのファッションチェーン'),(27,'Levi’sHarajukuStore','〒1500001Tokyo,Shibuya,Jingumae,6−294リヴィエール原宿','11AM–8PM','0334860770',35.667418,139.704400,'デニムを得意とする人気ブランド'),(28,'MANGO','〒1500001東京都渋谷区神宮前6丁目10−9','11:30AM–8:30PM','0368050830',35.667313,139.704789,'上質なレディースウェアやアクセサリーを販売するファッションチェーン。一部の店舗ではメンズアパレルも販売'),(29,'Gapフラッグシップ原宿','〒1500001東京都渋谷区神宮前1丁目14−27','10AM–9PM','0357869200',35.670135,139.703148,'ベーシックなアイテムからフォーマルなものまで揃うファッションチェーン。セールを頻繁に行っている'),(30,'Forever21Shibuya','〒1500042東京都渋谷区宇田川町24−1','10AM–10PM','0334634750',35.660394,139.699684,'とりあえず安いを求める人にぴったりなカジュアルブランド'),(31,'プーマストア原宿','〒1500001東京都渋谷区神宮前1丁目13−14原宿クエストビル','11AM–8PM','0334016100',35.669605,139.703806,'アディダスとナイキと並ぶ人気スポーツブランド'),(32,'LOUISVUITTON','〒1508330Tōkyōto,Shibuyaku,Udagawachō,21−211西武渋谷店','10AM–9PM','0334620111',35.666558,139.709072,'フランス発祥の大人でシックな柄が特徴のブランド。店内がゆったりと広い'),(33,'BVLGARI','2241Dōgenzaka,Shibuyaku,Tōkyōto1500043','10AM–9PM','0354593826',35.661097,139.695604,'時計からアクセサリーまでを取り扱う人気高級ブランド'),(34,'ユニクロ渋谷スペイン坂店','〒1500042東京都渋谷区宇田川町16−17','11AM–9PM','0357288431',35.661627,139.699018,'あの値段であの質は普通のアパレルブランドでは実現不可能　－某ショップ店員'),(35,'LOWRYSFARMラフォーレ原宿','〒1500001東京都渋谷区神宮前1丁目11−6ラフォーレ原宿','11AM–9PM','0354740161',35.669120,139.705374,'若者に人気な低価格カジュアルブランド'),(36,'TheSHEL\'TTERTOKYO','〒1500001東京都渋谷区神宮前4丁目30−3東急プラザ表参道原宿','11AM–9PM','0357851695',35.668713,139.705981,'30代に人気なカジュアルブランド'),(37,'Cheekbyarchives','〒1500001東京都渋谷区神宮前4−303','11AM–9PM','0334970830',35.668713,139.705981,'オフィスカジュアルに使える服がそろうOLに人気なブランド'),(38,'JILLbyJILLSTUART東急プラザ表参道原宿店','〒1500001東京都渋谷区神宮前4丁目30−33F','11AM–9PM','0364555188',35.668713,139.705981,'フェミニンなアイテムをそろえるピンクを基調としたブランド'),(39,'ポール・スチュアート青山店','東京都渋谷区神宮前5丁目7−20神宮前太田ビル','11AM–8PM','0334068121',35.666718,139.708549,'ダンディで大人な男性を目指す人にぴったりなシックなイギリスのブランド'),(40,'アーバンリサーチドアーズ','〒1508319東京都渋谷区渋谷2−24−1東急東横店西館','11AM–9PM','0343368244',35.661641,139.700487,'30代に人気なカジュアルブランド'),(41,'FRAYI.D','〒1508319東京都渋谷区渋谷2−24−1東急東横店西館','11AM–9PM','0343368226',35.661641,139.700487,'オフィスカジュアルに使える質のよい洋服を提供するのが特徴のブランド'),(42,'グレースコンチネンタル','〒1508319東京都渋谷区渋谷2−24−1東急東横店西館','11AM–9PM','0343368225',35.661641,139.700487,'フェミニンな雰囲気の服を特徴とする20代女性に人気なブランド'),(43,'マークジェイコブス渋谷ヒカリエShinQsバッグ＆アクセサリ','〒1508510東京都渋谷区渋谷2丁目21−1渋谷ヒカリエShinQs','11AM–9PM','0364341719',35.659002,139.703433,'上質なレザーを使った鞄や財布などの小物が人気なブランド'),(44,'nano・universe東京','〒1500041東京都渋谷区神南1丁目19−14','11AM–8:30PM','0354568172',35.662813,139.699593,'ナチュラルでオフィスでも使えるアパレルブランド'),(45,'ZARA渋谷公園通り店','〒1500041東京都渋谷区神南1丁目22−4','11AM–22PM','0354561600',35.660639,139.701051,'最新の流行を取り入れた自社ブランドの洋服、靴、アクセサリーを販売するスペインのファッションチェーン'),(46,'LANVINenBleu表参道','〒1500001東京都渋谷区神宮前6丁目6−101ＮＫ―3','11AM–22PM','0334865858',35.667803,139.705647,'Lanvinの姉妹ブランド。比較的お手頃価格で購入可能'),(47,'Chloe','〒1508330東京都渋谷区宇田川町21−1','11AM–9PM','0334970310',35.667144,139.709006,'パステルカラーを基調としたかわいらしい商品をそろえるハイブランド'),(48,'EMODA','〒1500043東京都渋谷区道玄坂2丁目29−1','11AM–9PM','0334775111',35.659589,139.698629,'シンプルでベーシックなアイテムを取りそろえた渋谷の若者に人気のブランド'),(49,'dazlzlin','〒1500043東京都渋谷区道玄坂2丁目29−65250','11AM–9PM','0334775112',35.659589,139.698629,'女性らしい装飾をあしらった、雑誌にも頻繁に掲載される人気ブランド'),(50,'PSキャットストリート','〒1500001東京都渋谷区神宮前5丁目17−5','11AM–20PM','0334091082',35.666085,139.705728,'伝統的なイギリスのデザインに新しいテイストを取り入れたファッションブランド'),(51,'アディダスオリジナルス','〒1500001東京都渋谷区神宮前5丁目17−4神宮前トーラス','11AM–20PM','0354645580',35.666221,139.706016,'世界的有名スポーツブランド'),(52,'DanielWellington原宿店','〒1500001東京都渋谷区神宮前6丁目15−6','11AM–20PM','0334090306',35.665488,139.704148,'ファッション性が高いスイスの時計ブランド'),(53,'STUSSYHarajukuChapter','〒1500001東京都渋谷区神宮前5111','11AM–20PM','0334796432',35.667082,139.706567,'ストリートテイストのブランド'),(54,'オークリーストア原宿店','〒1500001東京都渋谷区神宮前5丁目17番4号神宮前トーラス','11AM–20PM','0334095545',35.666474,139.706214,'アイウェア、アパレル、フットサルなどを手掛けるスポーツブランド'),(55,'BURTONFLAGSHIPSTORETOKYO','〒1500001東京都渋谷区神宮前5丁目17−4神宮前トーラスビル','11AM–20PM','0334001181',35.666252,139.705872,'アメリカのスノーボードブランド。ファッションアイテムも豊富'),(56,'ZoffPark原宿店','〒1500001東京都渋谷区神宮前6丁目35−3コープオリンピア','11AM–20PM','0357663501',35.669104,139.703425,'格安、高性能の眼鏡を販売する小売店'),(57,'NIKEHARAJUKU','〒1500001東京都渋谷区神宮前1丁目13−12','11AM–20PM','0363656453',35.669376,139.704028,'世界的有名ブランド。ファッションアイテムも豊富'),(58,'ザ・ノース・フェイス原宿店','〒1500001東京都渋谷区神宮前6丁目10−11原宿ソフィアビル','11AM–20PM','0354669278',35.667454,139.704979,'世界的有名ファッションブランド。近年若者の間でもファッションとして取り入れる層が増えている'),(59,'ベープストア　原宿','〒1500001東京都渋谷区神宮前4丁目21−5','11AM–20PM','0354740204',35.667974,139.708517,'原宿発祥のファッションブランド。若者の生活やライフスタイルに沿ったファッションアイテムが豊富'),(60,'パタゴニア東京・渋谷','〒1500001東京都渋谷区神宮前6丁目16−8','11AM–20PM','0354692100',35.665227,139.703573,'アメリカ発祥のアウトドアアイテムを主に取り扱うブランド'),(61,'アンダーアーマークラブハウス','〒1500001東京都渋谷区神宮前6丁目28−9','11AM–20PM','0364505011',35.666896,139.703928,'アメリカ発祥のスポーツブランド。その製品はプロのアスリートからも支持されている'),(62,'TUMI','〒1500001東京都渋谷区神宮前5丁目9−17','11AM–20PM','0337970052',35.666832,139.707306,'ビジネスバッグやキャリーケースを中心に販売するグローバルなライフスタイルブランド'),(63,'A.P.C.','〒1500001東京都渋谷区神宮前5丁目47神宮前54713A.P.C1F','11AM–20PM','0364181591',35.663361,139.708965,'主にシンプルなデザインで構成されるミニマリスト的デザインの製品が特長のブランド'),(64,'サッカーショップKAMO渋谷店','〒1500042東京都渋谷区宇田川町宇田川町3−10渋谷フットボールタワー1,2,3,4,5F','11AM–21PM','0357844800',35.671298,139.703190,'サッカーウェアを主に扱うショップ'),(65,'グッチ','〒1070061東京都港区北青山3丁目6−7','10AM–20PM','0354691911',35.665383,139.711200,'グッチは、グッチオ・グッチが1921年に創業したイタリアのファッションブランド。バッグ・靴・サイフなどの皮革商品をはじめ、服、宝飾品、時計、香水などを幅広く手がけている'),(66,'wtw','〒1070062東京都港区南青山6丁目3−15','11AM–21PM','0357783724',35.665984,139.706113,'サーフィンの波待ち“(=Watingforthewave)をコンセプトとした、海を感じられるライフスタイルショップ'),(67,'SHIPS渋谷店','〒1500041東京都渋谷区神南1丁目18−1神南1丁目ビルB14F','11AM–20PM','0334960481',35.662843,139.700202,'トラディショナルな要素を今日的な形で表現した“STYLISHSTANDARDをコンセプトに、AM代を感じながらも、こだわりのスタイルを提案するセレクトショップ'),(68,'ユナイテッドアローズ渋谷公園通り店','〒1500041東京都渋谷区神南11911B12F','11AM–21PM','0354281893',35.662792,139.699430,'東京大人のクールな服をテーマに「CityManandWoman」のコンセプトのもと、ハイエンドなスポーツ・カジュアルを軸に展開するセレクトショップ'),(69,'ジャーナルスタンダード渋谷店','〒1500041東京都渋谷区神南1丁目5神南1−5−6','11AM–20PM','0354570700',35.662203,139.700185,'ALANCE・STANCE・RELAXをコンセプトに、着ること・暮らすことを楽しむ人の為に向けた、ライフスタイルを提案するセレクトショップ'),(70,'Dolce&Gabbana','41210ShibuyakuOmotesandoHills,4丁目12神宮前渋谷区東京都1500001','11AM–20PM','0354687611',35.663638,139.713768,'イタリア人デザイナー、ドメニコ・ドルチェとステファノ・ガッバーナが1985年に、ミラノに設立したブランド。イタリアを代表する世界的なラグジュアリーブランドのひとつ'),(71,'GaGaMILANOガガミラノ原宿店','〒1500001東京都渋谷区神宮前6丁目12神宮前6丁目12151F&2F','11AM–20PM','0364341516',35.666067,139.703806,'2004年に、腕時計の情熱的な愛好家であるルーベン・トメッラ氏によってイタリアのミラノで誕生したウォッチブランド'),(72,'バブアー渋谷店','〒1500001東京都渋谷区神宮前6丁目1715','11AM–20PM','0364505993',35.665846,139.703692,'1894年創業、英国のアウトドア・ライフスタイルブランド'),(73,'グラニフ原宿店','〒1500001東京都渋谷区神宮前6丁目12−17ダイヤモンドビル1F','11AM–20PM','0364193053',35.666169,139.704101,'株式会社グラフィスが2001年から展開するデザインTシャツストア'),(74,'アメリカンイーグル表参道店','〒1500001東京都Shibuyaku61011JingumaeHarajukuSophiaBldg.7F','11AM–20PM','0364181065',35.668854,139.705982,'高品質でトレンド性があり、かつお手頃な価格で提供するブランド'),(75,'UndefeatedHarajyuku','〒1500001東京都渋谷区神宮前4丁目328P2ビル1F','11AM–20PM','0357722680',35.669152,139.706670,'シューズから、アウターまで、ストリートの最先端を描き続けるブランド'),(76,'LADMUSICIANHARAJUKU','〒1500001東京都渋谷区神宮前4丁目26−35','12AM–20PM','0334706760',35.669546,139.708083,'芸能人にもリピーターが多く、ファッションに限らず、ロックなスタイルを提示している'),(77,'BILLIONAIREBOYSCLUB','〒1500001東京都渋谷区神宮前4丁目25−1','12AM–20PM','0357700018',35.669613,139.708655,'ストリートスタイルをさらにファッションを加えて、洗練された服を提供している'),(78,'EDWINTOKYOHARAJUKU','〒1500001東京都渋谷区神宮前3丁目18−23','11AM–20PM','0364470330',35.669946,139.708461,'日本発祥のジーンズブランド。こだわりぬいた一針の重みは日本の強さを表している'),(79,'NEWERATOKYO','〒1500001東京都渋谷区神宮前3−20−9WAVEビル2F','11AM–20PM','0364471810',35.669818,139.708175,'ベースボールキャップとストリートスタイルを融合させ、様々なローカルに寄り添ったスタイルを提示している'),(80,'ユニクロ渋谷道玄坂店','〒1500043東京都渋谷区道玄坂2丁目295渋谷プライム内','11AM–20PM','0354568311',35.659504,139.698362,'ユニクロ（UNIQLO）というブランド名は、「ユニーク・クロージング・ウェアハウス（UNIQUECLOTHINGWAREHOUSE）」を略したものです。 ユニークかつ、常AM使えるスタイルを提供する'),(81,'モンベル渋谷店','〒1500042東京都渋谷区宇田川町11−5モンベル渋谷ビル','10AM–21PM','0357844005',35.662403,139.697539,'モンベル（montbell）は「functionisbeauty」と「Light＆Fast」をコンセプトに登山用品、アウトドア用品（アウトドアウェア、アウトドアギア）の製造、販売を行っています。またアウトドアイベントの企画運営、傷害保険の取り扱いも行っています'),(82,'ロンハーマン千駄ヶ谷店','〒1518575東京都渋谷区千駄ヶ谷2丁目11−1','11AM–19AM','0334026839',35.675356,139.709927,'1976年、FREDSEGALの敏腕バイヤーロンハーマン氏はロサンゼルス・メルローズアベニューに設立。スタート以来、一貫して「CaliforniaStyleofLife」を提案し続け、その高感度なセレクトは、ファンション感度の高い男女に絶大な支持と信頼を得ている'),(83,'メゾンキツネ東京青山店','〒1070062東京都港区南青山3−15−13ワインハウス南青山','11AM–20PM','0120667588',35.664622,139.714962,'フランス人デザイナー、日本人デザイナーの和洋折衷ブランド。カジュアル多めの、フォーマルまでのスタイルは、幅広く合わせやすい'),(84,'コムデギャルソン青山本店','〒1070062東京都港区南青山5丁目2−1','11AM–20PM','0334063951',35.664144,139.713825,'細身のスタイルに、黒のバリエーションで、映える黒色を追求している'),(85,'RalphLauren','〒1500001東京都渋谷区神宮前4丁目25−15','11AM–20PM','0364385800',35.665533,139.704817,'伝統的なフォーマルスタイルから洗練されたアウトドアのスタイルまで、気高く、尚、気取りすぎない'),(86,'istrictUNITEDARROWS','〒1500001東京都渋谷区神宮前51792F','12AM–20PM','0354642715',35.665735,139.705198,'スタイルの提供から、ライフスタイルの提供へ。マルチな分野で合わせやすい服を多数そろえている'),(87,'BrooksBrothers','〒1070061東京都港区北青山3丁目5−6','11AM–19AM','0334044295',35.667224,139.713833,'高品質でフォーマル、高級スーツの代表格ブランド'),(88,'GREGORY','〒1500001東京都渋谷区神宮前6丁目1711ＪＰＲ原宿ビル1階','11AM–20PM','0364275651',35.665482,139.703463,'様々なシーンで使用できるストリートバッグを提供している。カラーバリエーションが豊富で、どんなファッションにも合わせやすい'),(89,'TOGAXTCHarajuku','〒1500001東京都渋谷区神宮前6丁目3110','11AM–20PM','0364198136',35.668396,139.704139,'斬新なデザインかつ、デイリーユースで使用できるファッションを提供し続ける'),(90,'ビームス原宿','〒1500001東京都渋谷区神宮前3丁目24−71F・2F','11AM–20PM','0334703947',35.671193,139.707662,'ファッションにとどまらず、ライフスタイルの質を提供し続けるブランド'),(91,'ChromeHeartsクロムハーツ','〒1500001東京都渋谷区神宮前2丁目18−111F・2F','12AM–20PM','0357715602',35.672260,139.709275,'重厚感ある輝きは、ステータスの昇華と自信を与える'),(92,'HARE.JP','〒1500001東京都渋谷区神宮前5丁目5−17−8原宿XS','11AM-21PM','0354687701',35.665831,139.705358,'ストリートからフォーマルまで、様々なシーンに適応可能な優秀なアイテムを多数そろえている'),(93,'DesigualStoreHarajuku','神宮前6108,渋谷区東京都1500001','11AM–21PM','0354672680',35.667121,139.704736,'洗練されたライフスタイルを提供するブランド'),(94,'spinns原宿竹下通り店','〒1500001東京都渋谷区神宮前1丁目7−1CuteCubeHarajuku2F','10AM–20PM','0120011984',35.670757,139.705411,'古着屋のテイストを加え、若年層のニーズに対応したファッションを常時ラインナップしている'),(95,'ＷＥＧＯ原宿竹下通り店','〒1500001東京都渋谷区神宮前1丁目8−2SoLaDo原宿','10AM–20PM','0354145536',35.670326,139.706064,'中高生に圧倒的人気を誇るブランド、流行に敏感な若者層をターゲットに、リーズナブルな商品を多数展開している'),(96,'Xgirl','〒1500001東京都渋谷区神宮前1丁目11−6ラフォ−レ原宿','11AM–20PM','0357722020',35.669120,139.705374,'HipHop要素をちりばめ、かっこかわいいストリートスタイルを支援する'),(97,'SHIPS原宿店','〒1500001東京都渋谷区神宮前4丁目25−13','11AM–20PM','0354145747',35.668391,139.707664,'トレンドを抑えつつ、タイトなフォーマルから、ストリートまで、幅広いユーザーのニーズにこたえる'),(98,'モンクレール','Aoyama,3169,Minamiaoyama,Minatoku,3丁目16南青山Tokyo,Japan1070062','11AM-20PM','0334051952',35.663962,139.714596,'ウィンターシーズンに圧倒的人気を誇るアウター商品を常備している'),(99,'セオリー青山店','東京都港区南青山5丁目55','11AM–20PM','0357665270',35.662959,139.713585,'高級感漂う質を追求し、アンニュイな印象を与える洋服を多数そろえる'),(100,'InternationalGalleryBeams','〒1500001東京都渋谷区神宮前3丁目15−83251500001シャンブル15','11AM–20PM','0334703948',35.671621,139.708158,'最先端ファッションでありながら、デイリーユースにも向けたラインを常に抑えた店舗'),(101,'BEAMSBOYHARAJUKU','〒1500001東京都渋谷区神宮前3丁目24−5','11AM–20PM','0334703947',35.671171,139.707650,'洗練されたファッションを提供するビームスラインの店舗');
/*!40000 ALTER TABLE `shops` ENABLE KEYS */;
UNLOCK TABLES;

--
-- Table structure for table `users`
--

DROP TABLE IF EXISTS `users`;
/*!40101 SET @saved_cs_client     = @@character_set_client */;
/*!40101 SET character_set_client = utf8 */;
CREATE TABLE `users` (
  `id` int(10) unsigned NOT NULL AUTO_INCREMENT,
  `name` varchar(191) COLLATE utf8mb4_unicode_ci NOT NULL,
  `email` varchar(191) COLLATE utf8mb4_unicode_ci NOT NULL,
  `password` varchar(191) COLLATE utf8mb4_unicode_ci NOT NULL,
  `remember_token` varchar(100) COLLATE utf8mb4_unicode_ci DEFAULT NULL,
  `created_at` timestamp NULL DEFAULT NULL,
  `updated_at` timestamp NULL DEFAULT NULL,
  PRIMARY KEY (`id`),
  UNIQUE KEY `users_email_unique` (`email`)
) ENGINE=InnoDB DEFAULT CHARSET=utf8mb4 COLLATE=utf8mb4_unicode_ci;
/*!40101 SET character_set_client = @saved_cs_client */;

--
-- Dumping data for table `users`
--

LOCK TABLES `users` WRITE;
/*!40000 ALTER TABLE `users` DISABLE KEYS */;
/*!40000 ALTER TABLE `users` ENABLE KEYS */;
UNLOCK TABLES;
/*!40103 SET TIME_ZONE=@OLD_TIME_ZONE */;

/*!40101 SET SQL_MODE=@OLD_SQL_MODE */;
/*!40014 SET FOREIGN_KEY_CHECKS=@OLD_FOREIGN_KEY_CHECKS */;
/*!40014 SET UNIQUE_CHECKS=@OLD_UNIQUE_CHECKS */;
/*!40101 SET CHARACTER_SET_CLIENT=@OLD_CHARACTER_SET_CLIENT */;
/*!40101 SET CHARACTER_SET_RESULTS=@OLD_CHARACTER_SET_RESULTS */;
/*!40101 SET COLLATION_CONNECTION=@OLD_COLLATION_CONNECTION */;
/*!40111 SET SQL_NOTES=@OLD_SQL_NOTES */;

-- Dump completed on 2018-07-20  6:58:49
